algorithm,num_exams,seed,soft_penalty,runtime,feasible,hard
ABC,1000,42,5112,85.040168,True,0
ABC,1000,43,4774,85.863105,True,0
ABC,1000,44,5854,87.396028,True,0
ABC,100,42,18553,35.43506,False,308
ABC,100,43,18797,35.888848,False,316
ABC,100,44,18742,35.526432,False,322
ABC,150,42,23029,49.478299,False,254
ABC,150,43,23070,52.077198,False,245
ABC,150,44,22807,50.200622,False,251
ABC,200,42,20110,48.184069,False,59
ABC,200,43,21746,51.628885,False,57
ABC,200,44,20883,50.807596,False,56
ABC,250,42,28078,57.923973,False,25
ABC,250,43,27600,56.627545,False,20
ABC,250,44,27352,54.222987,False,24
ABC,300,42,17503,60.934831,False,3
ABC,300,43,21742,62.65828,False,10
ABC,300,44,18762,64.167701,False,4
ABC,350,42,16061,48.664317,False,1
ABC,350,43,16257,48.515701,False,1
ABC,350,44,14632,48.666755,False,1
ABC,400,42,12050,54.991206,True,0
ABC,400,43,12779,53.406413,True,0
ABC,400,44,13138,55.539726,True,0
ABC,450,42,13265,57.156498,True,0
ABC,450,43,12963,59.260672,True,0
ABC,450,44,14062,58.515777,True,0
ABC,500,42,10019,55.58876,True,0
ABC,500,43,10001,54.655485,True,0
ABC,500,44,9948,54.435617,True,0
ABC,50,42,11591,6.793906,False,378
ABC,50,43,15309,7.158896,False,392
ABC,50,44,11684,6.876539,False,371
ABC,550,42,10496,66.897811,True,0
ABC,550,43,9276,65.216084,True,0
ABC,550,44,9453,63.134321,True,0
ABC,600,42,8735,63.305154,True,0
ABC,600,43,8145,62.600139,True,0
ABC,600,44,8465,60.49124,True,0
ABC,650,42,7517,67.934462,True,0
ABC,650,43,8667,68.997941,True,0
ABC,650,44,7687,69.512197,True,0
ABC,700,42,7283,71.547466,True,0
ABC,700,43,7310,71.218816,True,0
ABC,700,44,7683,69.000186,True,0
ABC,750,42,5969,74.206115,True,0
ABC,750,43,5827,72.264214,True,0
ABC,750,44,6083,75.515826,True,0
ABC,800,42,5679,73.063255,True,0
ABC,800,43,12238,72.913516,True,0
ABC,800,44,6763,71.04278,True,0
ABC,850,42,8359,78.792055,True,0
ABC,850,43,6306,78.395657,True,0
ABC,850,44,7171,81.220016,True,0
ABC,900,42,5201,79.049349,True,0
ABC,900,43,5551,77.577516,True,0
ABC,900,44,4938,76.585784,True,0
ABC,950,42,3584,75.530318,True,0
ABC,950,43,4151,76.323647,True,0
ABC,950,44,3968,76.034592,True,0
ALNS,1000,42,46880,38.067017,True,0
ALNS,1000,43,33555,40.335701,True,0
ALNS,1000,44,38648,42.689435,True,0
ALNS,100,42,23887,2.467219,False,334
ALNS,100,43,22431,2.472956,False,328
ALNS,100,44,20335,2.478003,False,335
ALNS,150,42,24855,4.273124,False,327
ALNS,150,43,24678,4.082745,False,334
ALNS,150,44,23692,3.948334,False,336
ALNS,200,42,25147,3.573993,False,128
ALNS,200,43,27310,3.536784,False,121
ALNS,200,44,23199,3.046861,False,234
ALNS,250,42,29096,5.286161,False,51
ALNS,250,43,30959,5.056471,False,24
ALNS,250,44,29086,5.250862,False,48
ALNS,300,42,26438,4.953087,False,4
ALNS,300,43,28763,5.238645,False,17
ALNS,300,44,25145,4.410011,False,6
ALNS,350,42,18184,4.840874,False,2
ALNS,350,43,19074,4.777385,False,2
ALNS,350,44,18450,5.104772,False,2
ALNS,400,42,13878,3.565801,True,0
ALNS,400,43,13382,3.576901,True,0
ALNS,400,44,12667,3.606815,True,0
ALNS,450,42,15971,4.594271,True,0
ALNS,450,43,15438,4.656092,True,0
ALNS,450,44,22511,4.878196,True,0
ALNS,500,42,12729,6.334881,True,0
ALNS,500,43,13105,5.916643,True,0
ALNS,500,44,12317,5.989177,True,0
ALNS,50,42,11472,0.792678,False,389
ALNS,50,43,14255,0.7306,False,402
ALNS,50,44,11542,0.722612,False,384
ALNS,550,42,17706,9.147662,True,0
ALNS,550,43,22541,9.035326,True,0
ALNS,550,44,12150,8.170932,True,0
ALNS,600,42,11235,11.186959,True,0
ALNS,600,43,11269,11.151233,True,0
ALNS,600,44,10318,9.588776,True,0
ALNS,650,42,12636,15.626627,True,0
ALNS,650,43,12631,13.987025,True,0
ALNS,650,44,8067,13.783787,True,0
ALNS,700,42,17819,15.455671,True,0
ALNS,700,43,19629,15.366649,True,0
ALNS,700,44,16151,15.60828,True,0
ALNS,750,42,7483,17.729203,True,0
ALNS,750,43,13993,17.489493,True,0
ALNS,750,44,7687,18.792664,True,0
ALNS,800,42,9810,20.126813,True,0
ALNS,800,43,12950,19.348728,True,0
ALNS,800,44,10076,19.192135,True,0
ALNS,850,42,34233,23.62496,True,0
ALNS,850,43,33547,21.530571,True,0
ALNS,850,44,19255,24.359296,True,0
ALNS,900,42,8182,26.859818,True,0
ALNS,900,43,14102,29.936162,True,0
ALNS,900,44,11518,29.745454,True,0
ALNS,950,42,17916,37.240743,True,0
ALNS,950,43,11247,33.747075,True,0
ALNS,950,44,30939,34.718353,True,0
CP-SAT B&B,1000,42,9769,4.558677,True,0
CP-SAT B&B,1000,43,7996,4.151433,True,0
CP-SAT B&B,1000,44,8760,4.062918,True,0
CP-SAT B&B,100,42,23218,5.927087,False,334
CP-SAT B&B,100,43,23799,5.903637,False,328
CP-SAT B&B,100,44,23503,6.171215,False,322
CP-SAT B&B,150,42,24795,9.408969,False,323
CP-SAT B&B,150,43,24408,10.494765,False,324
CP-SAT B&B,150,44,23762,9.550816,False,335
CP-SAT B&B,200,42,24400,6.22845,False,130
CP-SAT B&B,200,43,26432,6.653532,False,117
CP-SAT B&B,200,44,28191,6.210949,False,236
CP-SAT B&B,250,42,29576,9.219988,False,51
CP-SAT B&B,250,43,31159,9.874907,False,23
CP-SAT B&B,250,44,28697,10.912446,False,49
CP-SAT B&B,300,42,25970,9.182926,False,4
CP-SAT B&B,300,43,26161,9.267478,False,18
CP-SAT B&B,300,44,25225,8.73911,False,6
CP-SAT B&B,350,42,17333,6.348457,False,2
CP-SAT B&B,350,43,16987,5.578723,False,2
CP-SAT B&B,350,44,18436,5.213469,False,2
CP-SAT B&B,400,42,13289,0.820829,True,0
CP-SAT B&B,400,43,13507,0.709419,True,0
CP-SAT B&B,400,44,12702,0.918925,True,0
CP-SAT B&B,450,42,14895,1.302303,True,0
CP-SAT B&B,450,43,13936,1.362993,True,0
CP-SAT B&B,450,44,17543,1.244384,True,0
CP-SAT B&B,500,42,10642,1.452768,True,0
CP-SAT B&B,500,43,10509,1.36589,True,0
CP-SAT B&B,500,44,10739,1.177464,True,0
CP-SAT B&B,50,42,11438,1.71805,False,395
CP-SAT B&B,50,43,14091,1.627856,False,397
CP-SAT B&B,50,44,11460,1.622518,False,397
CP-SAT B&B,550,42,10955,1.622635,True,0
CP-SAT B&B,550,43,9480,1.550616,True,0
CP-SAT B&B,550,44,9098,1.331848,True,0
CP-SAT B&B,600,42,8095,1.893135,True,0
CP-SAT B&B,600,43,9683,1.686055,True,0
CP-SAT B&B,600,44,9895,1.508775,True,0
CP-SAT B&B,650,42,7809,1.915641,True,0
CP-SAT B&B,650,43,8984,2.005634,True,0
CP-SAT B&B,650,44,8498,1.91397,True,0
CP-SAT B&B,700,42,9089,2.553406,True,0
CP-SAT B&B,700,43,8209,2.543336,True,0
CP-SAT B&B,700,44,8297,2.384277,True,0
CP-SAT B&B,750,42,6036,2.661154,True,0
CP-SAT B&B,750,43,5762,2.883844,True,0
CP-SAT B&B,750,44,5352,2.731395,True,0
CP-SAT B&B,800,42,6881,2.580941,True,0
CP-SAT B&B,800,43,11381,2.718822,True,0
CP-SAT B&B,800,44,8006,2.769276,True,0
CP-SAT B&B,850,42,8300,3.629723,True,0
CP-SAT B&B,850,43,7902,3.619406,True,0
CP-SAT B&B,850,44,9080,2.732144,True,0
CP-SAT B&B,900,42,6474,3.4859,True,0
CP-SAT B&B,900,43,7243,3.164487,True,0
CP-SAT B&B,900,44,6178,3.376218,True,0
CP-SAT B&B,950,42,5157,4.381534,True,0
CP-SAT B&B,950,43,6101,3.771779,True,0
CP-SAT B&B,950,44,5223,3.949482,True,0
Genetic Algorithm,1000,42,15647,5.197737,True,0
Genetic Algorithm,1000,43,12692,4.642516,True,0
Genetic Algorithm,1000,44,12170,5.49224,True,0
Genetic Algorithm,100,42,18375,2.693758,False,334
Genetic Algorithm,100,43,23240,2.598044,False,331
Genetic Algorithm,100,44,20424,2.67568,False,329
Genetic Algorithm,150,42,23960,4.472551,False,326
Genetic Algorithm,150,43,23513,7.948778,False,288
Genetic Algorithm,150,44,23491,5.608709,False,334
Genetic Algorithm,200,42,25719,3.818446,False,128
Genetic Algorithm,200,43,30406,3.172575,False,124
Genetic Algorithm,200,44,26378,6.883201,False,64
Genetic Algorithm,250,42,29778,4.853415,False,52
Genetic Algorithm,250,43,31193,5.553497,False,24
Genetic Algorithm,250,44,30604,5.279678,False,46
Genetic Algorithm,300,42,29175,5.684443,False,4
Genetic Algorithm,300,43,31546,6.595564,False,12
Genetic Algorithm,300,44,26651,5.689047,False,6
Genetic Algorithm,350,42,22403,2.79513,False,2
Genetic Algorithm,350,43,23596,3.622905,False,2
Genetic Algorithm,350,44,22446,3.776681,False,2
Genetic Algorithm,400,42,17407,2.441171,True,0
Genetic Algorithm,400,43,16486,2.345341,True,0
Genetic Algorithm,400,44,16886,2.272837,True,0
Genetic Algorithm,450,42,19249,2.969608,True,0
Genetic Algorithm,450,43,20441,2.126334,True,0
Genetic Algorithm,450,44,25363,2.410823,True,0
Genetic Algorithm,500,42,21819,2.380559,True,0
Genetic Algorithm,500,43,33391,2.189531,True,0
Genetic Algorithm,500,44,22185,2.643799,True,0
Genetic Algorithm,50,42,11493,0.957439,False,371
Genetic Algorithm,50,43,11684,0.781809,False,384
Genetic Algorithm,50,44,11460,0.665834,False,397
Genetic Algorithm,550,42,16883,3.042233,True,0
Genetic Algorithm,550,43,14935,2.99104,True,0
Genetic Algorithm,550,44,14402,3.157426,True,0
Genetic Algorithm,600,42,15196,3.118519,True,0
Genetic Algorithm,600,43,15403,2.993697,True,0
Genetic Algorithm,600,44,14539,2.796233,True,0
Genetic Algorithm,650,42,12311,2.992509,True,0
Genetic Algorithm,650,43,12452,3.228783,True,0
Genetic Algorithm,650,44,15151,3.092033,True,0
Genetic Algorithm,700,42,13357,3.753002,True,0
Genetic Algorithm,700,43,12208,3.554504,True,0
Genetic Algorithm,700,44,9834,3.633357,True,0
Genetic Algorithm,750,42,9973,4.512187,True,0
Genetic Algorithm,750,43,9187,4.388796,True,0
Genetic Algorithm,750,44,8165,4.45907,True,0
Genetic Algorithm,800,42,10407,4.358767,True,0
Genetic Algorithm,800,43,17325,3.819775,True,0
Genetic Algorithm,800,44,25120,3.113386,True,0
Genetic Algorithm,850,42,14279,4.078585,True,0
Genetic Algorithm,850,43,18878,4.66852,True,0
Genetic Algorithm,850,44,20047,4.217212,True,0
Genetic Algorithm,900,42,30327,3.892015,True,0
Genetic Algorithm,900,43,27929,3.292083,True,0
Genetic Algorithm,900,44,14386,3.809394,True,0
Genetic Algorithm,950,42,7564,5.198903,True,0
Genetic Algorithm,950,43,8890,5.511744,True,0
Genetic Algorithm,950,44,12236,4.314562,True,0
Great Deluge,1000,42,78444,1.884171,True,0
Great Deluge,1000,43,52810,2.040688,True,0
Great Deluge,1000,44,47394,2.309317,True,0
Great Deluge,100,42,19955,2.183964,False,318
Great Deluge,100,43,20070,2.316439,False,329
Great Deluge,100,44,20772,2.25406,False,337
Great Deluge,150,42,26540,3.918845,False,293
Great Deluge,150,43,26802,3.78043,False,319
Great Deluge,150,44,27833,3.553566,False,292
Great Deluge,200,42,31227,2.601515,False,111
Great Deluge,200,43,30710,2.53011,False,105
Great Deluge,200,44,27163,2.457331,False,113
Great Deluge,250,42,32392,4.008012,False,28
Great Deluge,250,43,34926,4.139293,False,23
Great Deluge,250,44,33328,3.868964,False,29
Great Deluge,300,42,29229,3.452238,False,4
Great Deluge,300,43,35788,3.213957,False,14
Great Deluge,300,44,27956,3.424405,False,5
Great Deluge,350,42,27281,2.77358,False,1
Great Deluge,350,43,35953,2.359994,False,1
Great Deluge,350,44,24216,2.174114,False,1
Great Deluge,400,42,24704,0.888334,True,0
Great Deluge,400,43,26291,0.983555,True,0
Great Deluge,400,44,20772,1.044084,True,0
Great Deluge,450,42,23444,1.27228,True,0
Great Deluge,450,43,31119,1.223563,True,0
Great Deluge,450,44,37622,1.041714,True,0
Great Deluge,500,42,25984,1.037515,True,0
Great Deluge,500,43,22623,1.424092,True,0
Great Deluge,500,44,38156,1.18286,True,0
Great Deluge,50,42,15095,0.57349,False,364
Great Deluge,50,43,14446,0.551911,False,386
Great Deluge,50,44,16023,0.565531,False,377
Great Deluge,550,42,46746,1.2866,True,0
Great Deluge,550,43,34842,1.265326,True,0
Great Deluge,550,44,45357,1.232195,True,0
Great Deluge,600,42,25329,1.416541,True,0
Great Deluge,600,43,29216,1.212924,True,0
Great Deluge,600,44,38943,1.356575,True,0
Great Deluge,650,42,36016,1.245765,True,0
Great Deluge,650,43,43029,1.138514,True,0
Great Deluge,650,44,40004,1.36253,True,0
Great Deluge,700,42,50027,1.661852,True,0
Great Deluge,700,43,34829,1.720377,True,0
Great Deluge,700,44,46527,1.347657,True,0
Great Deluge,750,42,49961,1.551502,True,0
Great Deluge,750,43,49485,1.315319,True,0
Great Deluge,750,44,28095,1.495086,True,0
Great Deluge,800,42,43778,1.439873,True,0
Great Deluge,800,43,42338,1.894849,True,0
Great Deluge,800,44,51507,1.284427,True,0
Great Deluge,850,42,68538,1.752441,True,0
Great Deluge,850,43,42056,2.022609,True,0
Great Deluge,850,44,64466,1.69369,True,0
Great Deluge,900,42,28146,2.179299,True,0
Great Deluge,900,43,44199,1.794424,True,0
Great Deluge,900,44,28989,1.852967,True,0
Great Deluge,950,42,34829,2.192783,True,0
Great Deluge,950,43,73261,1.604039,True,0
Great Deluge,950,44,70268,1.53149,True,0
Greedy,1000,42,75595,0.746609,False,2
Greedy,1000,43,75595,0.772353,False,2
Greedy,1000,44,75595,0.77457,False,2
Greedy,100,42,18457,0.169922,False,343
Greedy,100,43,18457,0.170304,False,343
Greedy,100,44,18457,0.170887,False,343
Greedy,150,42,25044,0.493668,False,332
Greedy,150,43,25044,0.403987,False,332
Greedy,150,44,25044,0.482524,False,332
Greedy,200,42,28877,0.118222,False,238
Greedy,200,43,28877,0.284822,False,238
Greedy,200,44,28877,0.302984,False,238
Greedy,250,42,34446,0.456867,False,47
Greedy,250,43,34446,0.604288,False,47
Greedy,250,44,34446,0.382282,False,47
Greedy,300,42,40597,0.106982,False,20
Greedy,300,43,40597,0.132962,False,20
Greedy,300,44,40597,0.089876,False,20
Greedy,350,42,36261,0.030451,False,2
Greedy,350,43,36261,0.019096,False,2
Greedy,350,44,36261,0.020222,False,2
Greedy,400,42,33358,0.020829,True,0
Greedy,400,43,33358,0.018822,True,0
Greedy,400,44,33358,0.022133,True,0
Greedy,450,42,48220,0.050078,True,0
Greedy,450,43,48220,0.053568,True,0
Greedy,450,44,48220,0.047984,True,0
Greedy,500,42,43485,0.172351,True,0
Greedy,500,43,43485,0.143321,True,0
Greedy,500,44,43485,0.082529,True,0
Greedy,50,42,11070,0.022162,False,393
Greedy,50,43,11070,0.024269,False,393
Greedy,50,44,11070,0.021889,False,393
Greedy,550,42,58516,0.113058,True,0
Greedy,550,43,58516,0.228263,True,0
Greedy,550,44,58516,0.238904,True,0
Greedy,600,42,52038,0.409728,True,0
Greedy,600,43,52038,0.186951,True,0
Greedy,600,44,52038,0.132534,True,0
Greedy,650,42,62180,0.132182,False,1
Greedy,650,43,62180,0.155603,False,1
Greedy,650,44,62180,0.080928,False,1
Greedy,700,42,60580,0.249319,True,0
Greedy,700,43,60580,0.344009,True,0
Greedy,700,44,60580,0.496957,True,0
Greedy,750,42,52050,0.245983,True,0
Greedy,750,43,52050,0.243358,True,0
Greedy,750,44,52050,0.278329,True,0
Greedy,800,42,69206,0.149591,False,1
Greedy,800,43,69206,0.151431,False,1
Greedy,800,44,69206,0.147033,False,1
Greedy,850,42,68600,0.372505,True,0
Greedy,850,43,68600,0.236445,True,0
Greedy,850,44,68600,0.39881,True,0
Greedy,900,42,80910,0.488163,True,0
Greedy,900,43,80910,0.447795,True,0
Greedy,900,44,80910,0.481256,True,0
Greedy,950,42,80370,0.719182,True,0
Greedy,950,43,80370,0.776824,True,0
Greedy,950,44,80370,0.73435,True,0
HHO+,1000,42,65556,61.818715,True,0
HHO+,1000,43,52354,64.771689,True,0
HHO+,1000,44,54157,66.495347,True,0
HHO+,100,42,17921,4.18762,False,366
HHO+,100,43,19114,4.267569,False,344
HHO+,100,44,18611,4.16138,False,347
HHO+,150,42,25400,6.562872,False,334
HHO+,150,43,25179,6.954373,False,338
HHO+,150,44,24588,6.468452,False,349
HHO+,200,42,29778,9.305713,False,157
HHO+,200,43,31150,9.227944,False,157
HHO+,200,44,30349,8.08908,False,122
HHO+,250,42,36929,10.680594,False,32
HHO+,250,43,36395,10.720092,False,29
HHO+,250,44,37462,11.216433,False,44
HHO+,300,42,35905,14.167373,False,3
HHO+,300,43,38912,13.855458,False,6
HHO+,300,44,41002,13.867202,False,3
HHO+,350,42,36923,17.231119,False,2
HHO+,350,43,37226,16.912208,False,2
HHO+,350,44,34969,16.928086,False,2
HHO+,400,42,24434,18.558606,True,0
HHO+,400,43,22116,18.188666,True,0
HHO+,400,44,21134,17.440522,True,0
HHO+,450,42,29596,20.821594,True,0
HHO+,450,43,25350,21.600394,True,0
HHO+,450,44,33471,21.66875,True,0
HHO+,500,42,32806,22.227981,True,0
HHO+,500,43,29536,24.238726,True,0
HHO+,500,44,31399,23.91435,True,0
HHO+,50,42,12451,1.79679,False,611
HHO+,50,43,11904,1.785079,False,642
HHO+,50,44,10807,1.530512,False,628
HHO+,550,42,35117,28.307712,True,0
HHO+,550,43,40172,26.611626,True,0
HHO+,550,44,34182,28.550585,True,0
HHO+,600,42,39469,30.37017,True,0
HHO+,600,43,34285,29.489334,True,0
HHO+,600,44,43009,31.096033,True,0
HHO+,650,42,28354,32.152097,True,0
HHO+,650,43,27692,34.93615,True,0
HHO+,650,44,33627,34.772156,True,0
HHO+,700,42,42468,35.942567,True,0
HHO+,700,43,40118,35.850285,True,0
HHO+,700,44,34085,35.473598,True,0
HHO+,750,42,37135,40.428252,True,0
HHO+,750,43,36112,39.301367,True,0
HHO+,750,44,33606,40.668192,True,0
HHO+,800,42,38712,45.293127,True,0
HHO+,800,43,41573,43.065312,True,0
HHO+,800,44,38430,46.385544,True,0
HHO+,850,42,55082,50.95369,True,0
HHO+,850,43,52971,47.011259,True,0
HHO+,850,44,52710,51.102566,True,0
HHO+,900,42,43248,50.495158,True,0
HHO+,900,43,47641,51.378838,True,0
HHO+,900,44,49360,52.858387,True,0
HHO+,950,42,64431,56.549468,True,0
HHO+,950,43,61582,57.527779,True,0
HHO+,950,44,64674,52.518396,True,0
Kempe Chain,1000,42,10489,15.059486,True,0
Kempe Chain,1000,43,11960,15.769334,True,0
Kempe Chain,1000,44,9876,15.96358,True,0
Kempe Chain,100,42,17459,9.987963,False,365
Kempe Chain,100,43,18637,10.133065,False,343
Kempe Chain,100,44,18293,9.834011,False,345
Kempe Chain,150,42,22739,13.500998,False,332
Kempe Chain,150,43,22477,13.988582,False,337
Kempe Chain,150,44,22638,13.729849,False,347
Kempe Chain,200,42,22798,11.261765,False,212
Kempe Chain,200,43,22188,10.596411,False,144
Kempe Chain,200,44,19285,11.539321,False,68
Kempe Chain,250,42,24424,11.274269,False,23
Kempe Chain,250,43,29071,13.321251,False,20
Kempe Chain,250,44,26928,12.388381,False,21
Kempe Chain,300,42,18025,10.346132,False,3
Kempe Chain,300,43,20951,11.952262,False,9
Kempe Chain,300,44,18513,9.56714,False,4
Kempe Chain,350,42,15868,9.640402,False,1
Kempe Chain,350,43,23622,12.393739,False,1
Kempe Chain,350,44,16387,9.486737,False,1
Kempe Chain,400,42,14076,10.079823,True,0
Kempe Chain,400,43,12975,9.870953,True,0
Kempe Chain,400,44,13712,10.092577,True,0
Kempe Chain,450,42,15075,10.493799,True,0
Kempe Chain,450,43,14948,9.986778,True,0
Kempe Chain,450,44,15416,10.548325,True,0
Kempe Chain,500,42,12493,8.210557,True,0
Kempe Chain,500,43,13707,9.08688,True,0
Kempe Chain,500,44,12981,9.405296,True,0
Kempe Chain,50,42,11301,5.902242,False,400
Kempe Chain,50,43,11269,6.74613,False,407
Kempe Chain,50,44,11475,6.646206,False,394
Kempe Chain,550,42,12419,11.904057,True,0
Kempe Chain,550,43,12080,12.036107,True,0
Kempe Chain,550,44,12217,11.760041,True,0
Kempe Chain,600,42,10985,11.359995,True,0
Kempe Chain,600,43,11170,10.49432,True,0
Kempe Chain,600,44,10909,11.325547,True,0
Kempe Chain,650,42,10470,11.82425,True,0
Kempe Chain,650,43,10088,12.292679,True,0
Kempe Chain,650,44,9967,11.714553,True,0
Kempe Chain,700,42,11178,12.007301,True,0
Kempe Chain,700,43,10758,12.429567,True,0
Kempe Chain,700,44,10100,12.494728,True,0
Kempe Chain,750,42,10151,12.725761,True,0
Kempe Chain,750,43,9909,11.979735,True,0
Kempe Chain,750,44,10231,13.738919,True,0
Kempe Chain,800,42,11079,14.057795,True,0
Kempe Chain,800,43,13099,13.332048,True,0
Kempe Chain,800,44,10258,13.718329,True,0
Kempe Chain,850,42,11573,14.36161,True,0
Kempe Chain,850,43,12914,14.501059,True,0
Kempe Chain,850,44,14231,13.888386,True,0
Kempe Chain,900,42,10550,13.576695,True,0
Kempe Chain,900,43,10803,13.120302,True,0
Kempe Chain,900,44,11561,12.506944,True,0
Kempe Chain,950,42,9692,13.859553,True,0
Kempe Chain,950,43,9170,13.227659,True,0
Kempe Chain,950,44,9863,13.860605,True,0
LAHC,1000,42,15866,2.809604,True,0
LAHC,1000,43,14823,2.713055,True,0
LAHC,1000,44,18862,1.926362,True,0
LAHC,100,42,18003,2.354164,False,330
LAHC,100,43,18482,2.248548,False,331
LAHC,100,44,18049,2.223377,False,337
LAHC,150,42,23349,3.493524,False,323
LAHC,150,43,23210,3.822211,False,322
LAHC,150,44,21741,3.800711,False,327
LAHC,200,42,20697,2.259865,False,114
LAHC,200,43,20103,1.893186,False,111
LAHC,200,44,20377,2.239244,False,66
LAHC,250,42,21677,3.657638,False,30
LAHC,250,43,25722,3.576955,False,22
LAHC,250,44,26331,3.67542,False,25
LAHC,300,42,19448,3.436457,False,4
LAHC,300,43,21499,3.398678,False,11
LAHC,300,44,21228,2.636202,False,6
LAHC,350,42,17865,2.612528,False,1
LAHC,350,43,17792,2.305375,False,1
LAHC,350,44,16302,2.503837,False,1
LAHC,400,42,13508,0.887067,True,0
LAHC,400,43,13297,0.82908,True,0
LAHC,400,44,13461,0.89874,True,0
LAHC,450,42,15095,0.743816,True,0
LAHC,450,43,14808,1.116128,True,0
LAHC,450,44,15808,0.766474,True,0
LAHC,500,42,13121,0.985552,True,0
LAHC,500,43,12607,0.947426,True,0
LAHC,500,44,11804,1.16117,True,0
LAHC,50,42,13578,0.535196,False,393
LAHC,50,43,14040,0.467214,False,401
LAHC,50,44,15699,0.532954,False,391
LAHC,550,42,12629,1.268924,True,0
LAHC,550,43,11269,1.463484,True,0
LAHC,550,44,11521,1.491139,True,0
LAHC,600,42,9980,1.372291,True,0
LAHC,600,43,11604,1.375327,True,0
LAHC,600,44,10385,1.331629,True,0
LAHC,650,42,9550,1.116352,True,0
LAHC,650,43,12447,1.749005,True,0
LAHC,650,44,11702,1.532156,True,0
LAHC,700,42,12618,1.617553,True,0
LAHC,700,43,12692,1.642743,True,0
LAHC,700,44,10292,1.992833,True,0
LAHC,750,42,8624,1.730848,True,0
LAHC,750,43,8717,1.781866,True,0
LAHC,750,44,8691,1.533011,True,0
LAHC,800,42,9512,1.827195,True,0
LAHC,800,43,17906,1.87645,True,0
LAHC,800,44,12594,2.046817,True,0
LAHC,850,42,12205,2.286112,True,0
LAHC,850,43,12162,2.357545,True,0
LAHC,850,44,13273,2.293373,True,0
LAHC,900,42,11330,1.974924,True,0
LAHC,900,43,12727,1.782438,True,0
LAHC,900,44,11290,2.350913,True,0
LAHC,950,42,11109,2.469039,True,0
LAHC,950,43,8588,2.465079,True,0
LAHC,950,44,14043,2.280762,True,0
Multi-Neighbourhood SA,1000,42,19588,2.279272,True,0
Multi-Neighbourhood SA,1000,43,19113,2.435844,True,0
Multi-Neighbourhood SA,1000,44,20856,2.442506,True,0
Multi-Neighbourhood SA,100,42,18652,2.286094,False,323
Multi-Neighbourhood SA,100,43,22172,2.628942,False,322
Multi-Neighbourhood SA,100,44,18083,2.389209,False,330
Multi-Neighbourhood SA,150,42,23950,4.48773,False,315
Multi-Neighbourhood SA,150,43,22603,3.618256,False,324
Multi-Neighbourhood SA,150,44,22022,3.880938,False,334
Multi-Neighbourhood SA,200,42,20476,2.481788,False,109
Multi-Neighbourhood SA,200,43,21167,2.302473,False,111
Multi-Neighbourhood SA,200,44,21336,2.266716,False,67
Multi-Neighbourhood SA,250,42,26418,3.664572,False,25
Multi-Neighbourhood SA,250,43,27580,3.560133,False,20
Multi-Neighbourhood SA,250,44,25705,3.232414,False,24
Multi-Neighbourhood SA,300,42,20908,3.658009,False,3
Multi-Neighbourhood SA,300,43,22698,3.836152,False,9
Multi-Neighbourhood SA,300,44,22072,3.667734,False,5
Multi-Neighbourhood SA,350,42,17654,2.76148,False,1
Multi-Neighbourhood SA,350,43,18847,2.298491,False,1
Multi-Neighbourhood SA,350,44,17777,2.428442,False,1
Multi-Neighbourhood SA,400,42,15007,0.773174,True,0
Multi-Neighbourhood SA,400,43,14007,0.875431,True,0
Multi-Neighbourhood SA,400,44,13890,0.863734,True,0
Multi-Neighbourhood SA,450,42,16763,0.880315,True,0
Multi-Neighbourhood SA,450,43,17475,0.929867,True,0
Multi-Neighbourhood SA,450,44,22741,0.828638,True,0
Multi-Neighbourhood SA,500,42,14477,1.080749,True,0
Multi-Neighbourhood SA,500,43,14712,0.924313,True,0
Multi-Neighbourhood SA,500,44,13360,1.071276,True,0
Multi-Neighbourhood SA,50,42,14246,0.651202,False,384
Multi-Neighbourhood SA,50,43,14190,0.645587,False,400
Multi-Neighbourhood SA,50,44,11771,0.580136,False,386
Multi-Neighbourhood SA,550,42,15838,1.206517,True,0
Multi-Neighbourhood SA,550,43,14928,1.234284,True,0
Multi-Neighbourhood SA,550,44,14772,1.108981,True,0
Multi-Neighbourhood SA,600,42,12272,1.195052,True,0
Multi-Neighbourhood SA,600,43,12976,1.456717,True,0
Multi-Neighbourhood SA,600,44,12393,1.364378,True,0
Multi-Neighbourhood SA,650,42,13192,1.49978,True,0
Multi-Neighbourhood SA,650,43,14093,1.558411,True,0
Multi-Neighbourhood SA,650,44,12619,1.477387,True,0
Multi-Neighbourhood SA,700,42,18434,1.459984,True,0
Multi-Neighbourhood SA,700,43,15637,1.811983,True,0
Multi-Neighbourhood SA,700,44,14008,1.598933,True,0
Multi-Neighbourhood SA,750,42,11416,1.854097,True,0
Multi-Neighbourhood SA,750,43,13390,1.522219,True,0
Multi-Neighbourhood SA,750,44,11259,1.637907,True,0
Multi-Neighbourhood SA,800,42,13461,1.935003,True,0
Multi-Neighbourhood SA,800,43,19355,1.824846,True,0
Multi-Neighbourhood SA,800,44,13920,1.947748,True,0
Multi-Neighbourhood SA,850,42,19541,1.491253,True,0
Multi-Neighbourhood SA,850,43,19634,2.006716,True,0
Multi-Neighbourhood SA,850,44,18594,1.734283,True,0
Multi-Neighbourhood SA,900,42,15093,2.035776,True,0
Multi-Neighbourhood SA,900,43,17202,1.972833,True,0
Multi-Neighbourhood SA,900,44,12527,1.979127,True,0
Multi-Neighbourhood SA,950,42,15383,2.327495,True,0
Multi-Neighbourhood SA,950,43,17632,2.2489,True,0
Multi-Neighbourhood SA,950,44,18468,2.144551,True,0
Tabu Search,1000,42,8439,17.069951,True,0
Tabu Search,1000,43,6683,16.824915,True,0
Tabu Search,1000,44,5906,16.366552,True,0
Tabu Search,100,42,19080,3.622166,False,333
Tabu Search,100,43,19386,5.216318,False,317
Tabu Search,100,44,19119,7.577571,False,308
Tabu Search,150,42,22481,7.737462,False,314
Tabu Search,150,43,22483,12.141601,False,311
Tabu Search,150,44,22152,11.997109,False,327
Tabu Search,200,42,21585,6.941253,False,59
Tabu Search,200,43,21623,3.347301,False,101
Tabu Search,200,44,21140,3.984211,False,62
Tabu Search,250,42,27648,4.651056,False,24
Tabu Search,250,43,27879,5.433386,False,18
Tabu Search,250,44,26633,7.037098,False,23
Tabu Search,300,42,16880,12.387728,False,4
Tabu Search,300,43,20027,5.514191,False,7
Tabu Search,300,44,21447,2.836158,False,4
Tabu Search,350,42,14559,12.486234,False,1
Tabu Search,350,43,15438,13.421274,False,1
Tabu Search,350,44,14525,12.533895,False,1
Tabu Search,400,42,11909,12.473596,True,0
Tabu Search,400,43,12034,11.409355,True,0
Tabu Search,400,44,12020,11.224298,True,0
Tabu Search,450,42,12240,13.13735,True,0
Tabu Search,450,43,12523,13.760035,True,0
Tabu Search,450,44,12932,12.287705,True,0
Tabu Search,500,42,8854,12.516099,True,0
Tabu Search,500,43,8528,11.242889,True,0
Tabu Search,500,44,8329,13.754916,True,0
Tabu Search,50,42,11638,0.646259,False,385
Tabu Search,50,43,14040,1.189655,False,382
Tabu Search,50,44,11432,0.633804,False,392
Tabu Search,550,42,9310,14.476757,True,0
Tabu Search,550,43,8327,14.629076,True,0
Tabu Search,550,44,8285,15.377395,True,0
Tabu Search,600,42,6676,14.705583,True,0
Tabu Search,600,43,8686,14.958646,True,0
Tabu Search,600,44,8061,14.922982,True,0
Tabu Search,650,42,6228,17.574507,True,0
Tabu Search,650,43,6998,16.788416,True,0
Tabu Search,650,44,7004,17.494589,True,0
Tabu Search,700,42,6296,18.015869,True,0
Tabu Search,700,43,6032,16.92401,True,0
Tabu Search,700,44,5018,17.520484,True,0
Tabu Search,750,42,5078,17.386256,True,0
Tabu Search,750,43,4988,17.037999,True,0
Tabu Search,750,44,4499,17.14185,True,0
Tabu Search,800,42,4494,17.050699,True,0
Tabu Search,800,43,9401,16.716654,True,0
Tabu Search,800,44,6306,15.867292,True,0
Tabu Search,850,42,6884,18.26936,True,0
Tabu Search,850,43,6227,18.340098,True,0
Tabu Search,850,44,6375,18.274346,True,0
Tabu Search,900,42,4782,14.84359,True,0
Tabu Search,900,43,5243,17.105451,True,0
Tabu Search,900,44,4503,16.02146,True,0
Tabu Search,950,42,3804,15.221886,True,0
Tabu Search,950,43,4112,13.876274,True,0
Tabu Search,950,44,3636,15.13571,True,0
GVNS,1000,42,5091,11.177818,True,0
GVNS,1000,43,5529,11.994039,True,0
GVNS,1000,44,6038,9.77139,True,0
GVNS,100,42,18560,4.780786,False,306
GVNS,100,43,18523,4.484286,False,329
GVNS,100,44,18556,4.177036,False,323
GVNS,150,42,22529,6.772318,False,282
GVNS,150,43,22601,7.059383,False,260
GVNS,150,44,22373,7.031519,False,285
GVNS,200,42,21618,6.632725,False,52
GVNS,200,43,20958,6.716792,False,51
GVNS,200,44,20644,7.008568,False,62
GVNS,250,42,24002,8.64239,False,24
GVNS,250,43,23939,8.173981,False,21
GVNS,250,44,23470,8.572593,False,20
GVNS,300,42,18115,9.829389,False,3
GVNS,300,43,17735,9.583748,False,4
GVNS,300,44,17827,9.258786,False,4
GVNS,350,42,14744,10.617521,False,1
GVNS,350,43,15397,10.331055,False,1
GVNS,350,44,13700,9.660342,False,1
GVNS,400,42,11573,9.433981,True,0
GVNS,400,43,11478,9.916004,True,0
GVNS,400,44,10375,9.524778,True,0
GVNS,450,42,12772,11.260879,True,0
GVNS,450,43,11692,11.263364,True,0
GVNS,450,44,12527,11.304338,True,0
GVNS,500,42,9276,11.830233,True,0
GVNS,500,43,9226,10.129963,True,0
GVNS,500,44,9519,10.966888,True,0
GVNS,50,42,13899,1.243147,False,381
GVNS,50,43,11557,1.146347,False,376
GVNS,50,44,11436,1.36278,False,367
GVNS,550,42,8800,13.497962,True,0
GVNS,550,43,8622,12.329724,True,0
GVNS,550,44,9757,14.254848,True,0
GVNS,600,42,7594,12.621768,True,0
GVNS,600,43,8977,13.079698,True,0
GVNS,600,44,5997,12.57214,True,0
GVNS,650,42,7822,13.4412,True,0
GVNS,650,43,7826,13.008667,True,0
GVNS,650,44,6629,13.936066,True,0
GVNS,700,42,7296,13.942836,True,0
GVNS,700,43,6729,14.073624,True,0
GVNS,700,44,6986,13.53185,True,0
GVNS,750,42,5470,12.979603,True,0
GVNS,750,43,5556,13.496011,True,0
GVNS,750,44,4805,13.772841,True,0
GVNS,800,42,4239,14.575351,True,0
GVNS,800,43,10418,13.785942,True,0
GVNS,800,44,6171,13.658476,True,0
GVNS,850,42,6818,15.827012,True,0
GVNS,850,43,6906,15.032983,True,0
GVNS,850,44,6896,15.339391,True,0
GVNS,900,42,4232,13.149943,True,0
GVNS,900,43,6087,14.015026,True,0
GVNS,900,44,5064,14.04518,True,0
GVNS,950,42,3898,12.004675,True,0
GVNS,950,43,4745,11.595911,True,0
GVNS,950,44,3545,11.477736,True,0
WOA,1000,42,10038,93.457533,True,0
WOA,1000,43,9817,92.429863,True,0
WOA,1000,44,12145,92.153172,True,0
WOA,100,42,18311,20.951138,False,331
WOA,100,43,18768,22.539251,False,317
WOA,100,44,25804,21.456421,False,326
WOA,150,42,23206,35.304112,False,269
WOA,150,43,23531,35.379368,False,267
WOA,150,44,23711,36.033822,False,276
WOA,200,42,21233,36.757115,False,72
WOA,200,43,22299,38.472995,False,71
WOA,200,44,21236,38.31308,False,64
WOA,250,42,26855,45.135658,False,25
WOA,250,43,27862,47.788083,False,20
WOA,250,44,27596,48.759667,False,26
WOA,300,42,20199,52.136564,False,4
WOA,300,43,23346,54.077811,False,10
WOA,300,44,20993,52.55955,False,6
WOA,350,42,17149,48.906403,False,1
WOA,350,43,16730,46.771417,False,1
WOA,350,44,16978,43.761569,False,1
WOA,400,42,13927,48.03012,True,0
WOA,400,43,12969,48.317019,True,0
WOA,400,44,13621,49.068315,True,0
WOA,450,42,15072,53.731835,True,0
WOA,450,43,15354,54.398939,True,0
WOA,450,44,19088,53.272548,True,0
WOA,500,42,12056,50.911605,True,0
WOA,500,43,12246,51.363192,True,0
WOA,500,44,13057,51.127908,True,0
WOA,50,42,16299,3.264128,False,310
WOA,50,43,12323,3.015137,False,343
WOA,50,44,16300,3.389883,False,324
WOA,550,42,12936,61.107953,True,0
WOA,550,43,13631,60.433455,True,0
WOA,550,44,11191,59.886776,True,0
WOA,600,42,9851,59.656371,True,0
WOA,600,43,10876,61.382788,True,0
WOA,600,44,10457,61.197948,True,0
WOA,650,42,10454,65.738366,True,0
WOA,650,43,11754,66.840496,True,0
WOA,650,44,10878,65.664117,True,0
WOA,700,42,10667,69.456926,True,0
WOA,700,43,9063,71.676225,True,0
WOA,700,44,9151,70.328076,True,0
WOA,750,42,8648,73.957311,True,0
WOA,750,43,7292,75.077034,True,0
WOA,750,44,6919,74.582403,True,0
WOA,800,42,8876,75.858576,True,0
WOA,800,43,15612,76.420559,True,0
WOA,800,44,10320,79.198301,True,0
WOA,850,42,12230,86.425128,True,0
WOA,850,43,9899,85.525901,True,0
WOA,850,44,11560,86.154851,True,0
WOA,900,42,8761,82.238707,True,0
WOA,900,43,9539,82.207075,True,0
WOA,900,44,7379,84.782297,True,0
WOA,950,42,7032,84.807917,True,0
WOA,950,43,10301,79.279194,True,0
WOA,950,44,8794,78.418774,True,0
