algorithm,dataset,seed,soft_penalty,two_in_a_row,two_in_a_day,period_spread,non_mixed_durations,front_load,period_penalty,room_penalty
ABC,exam_comp_set1,42,13609,2891,0,6838,1380,260,490,1750
ABC,exam_comp_set1,43,14996,3570,0,7531,1330,275,490,1800
ABC,exam_comp_set1,44,14045,2898,0,6937,1290,250,520,2150
ABC,exam_comp_set1,45,13176,2520,0,6696,1410,260,490,1800
ABC,exam_comp_set1,46,13748,2996,0,6562,1340,260,540,2050
ABC,exam_comp_set1,47,13178,1918,0,6965,1390,265,640,2000
ABC,exam_comp_set1,48,12889,1785,0,7079,1260,295,470,2000
ABC,exam_comp_set2,42,2864,0,50,4,2175,635,0,0
ABC,exam_comp_set2,43,2993,60,50,13,2200,670,0,0
ABC,exam_comp_set2,44,2866,0,75,6,2125,660,0,0
ABC,exam_comp_set2,45,2810,0,35,30,2050,645,50,0
ABC,exam_comp_set2,46,2697,15,85,12,2000,585,0,0
ABC,exam_comp_set2,47,2833,30,65,8,2100,630,0,0
ABC,exam_comp_set2,48,2827,15,40,12,2125,635,0,0
ABC,exam_comp_set3,42,23548,7575,3330,9213,2100,1030,300,0
ABC,exam_comp_set3,43,23458,6390,3870,9688,2180,1020,310,0
ABC,exam_comp_set3,44,23287,5700,4860,9207,2100,1120,300,0
ABC,exam_comp_set3,45,25074,8565,3400,9469,2240,1050,350,0
ABC,exam_comp_set3,46,22070,5910,4050,8650,2120,1060,280,0
ABC,exam_comp_set3,47,21698,5175,3610,9323,2220,1010,360,0
ABC,exam_comp_set3,48,23873,8100,3690,8603,2160,1040,280,0
ABC,exam_comp_set4,42,34734,22599,4365,6300,0,120,1350,0
ABC,exam_comp_set4,43,20297,9018,3290,4674,0,115,3200,0
ABC,exam_comp_set4,44,34455,20916,4170,7034,0,135,2200,0
ABC,exam_comp_set4,45,35822,21447,4490,6360,0,125,3400,0
ABC,exam_comp_set4,46,19001,6633,5460,5258,0,100,1550,0
ABC,exam_comp_set4,47,32540,19152,4700,6798,0,140,1750,0
ABC,exam_comp_set4,48,21705,9954,3110,5601,0,140,2900,0
ABC,exam_comp_set5,42,5527,80,240,2997,0,1560,650,0
ABC,exam_comp_set5,43,5795,440,0,3065,0,1590,700,0
ABC,exam_comp_set5,44,5509,520,0,2639,0,1550,800,0
ABC,exam_comp_set5,45,5769,80,15,3124,0,1550,1000,0
ABC,exam_comp_set5,46,7187,1400,30,3147,0,1560,1050,0
ABC,exam_comp_set5,47,5566,400,0,3056,0,1610,500,0
ABC,exam_comp_set5,48,6610,1400,0,2990,0,1620,600,0
ABC,exam_comp_set6,42,33850,10540,0,19900,1175,375,510,1350
ABC,exam_comp_set6,43,31395,7900,0,19900,1225,375,495,1500
ABC,exam_comp_set6,44,34500,11020,0,19900,1200,375,555,1450
ABC,exam_comp_set6,45,33080,9560,0,19900,1250,375,545,1450
ABC,exam_comp_set6,46,30500,7020,0,19900,1250,375,505,1450
ABC,exam_comp_set6,47,32805,9340,0,19900,1200,375,540,1450
ABC,exam_comp_set6,48,35435,11980,0,19900,1250,375,530,1400
ABC,exam_comp_set7,42,9738,75,0,5923,3030,610,100,0
ABC,exam_comp_set7,43,9661,50,0,6001,2910,700,0,0
ABC,exam_comp_set7,44,9316,0,0,6061,2685,570,0,0
ABC,exam_comp_set7,45,9511,0,0,5746,3045,720,0,0
ABC,exam_comp_set7,46,10187,0,0,6422,3015,650,100,0
ABC,exam_comp_set7,47,9603,0,0,5923,3000,680,0,0
ABC,exam_comp_set7,48,9127,25,0,5807,2745,550,0,0
ABC,exam_comp_set8,42,14237,0,0,10160,3000,430,412,235
ABC,exam_comp_set8,43,14428,0,0,10324,3100,450,399,155
ABC,exam_comp_set8,44,13965,0,0,9926,2975,455,379,230
ABC,exam_comp_set8,45,14353,0,0,10764,2575,420,384,210
ABC,exam_comp_set8,46,14713,0,0,10507,3175,455,401,175
ABC,exam_comp_set8,47,14048,0,0,10091,2975,415,372,195
ABC,exam_comp_set8,48,14630,0,0,10504,3100,430,351,245
ALNS,exam_comp_set1,42,11443,364,0,7594,1320,245,370,1550
ALNS,exam_comp_set1,43,11617,938,0,7369,1320,220,520,1250
ALNS,exam_comp_set1,44,11560,651,0,7649,1300,240,270,1450
ALNS,exam_comp_set1,45,11658,581,0,7807,1220,230,370,1450
ALNS,exam_comp_set1,46,10519,476,0,6598,1480,245,420,1300
ALNS,exam_comp_set1,47,11117,623,0,7224,1260,240,470,1300
ALNS,exam_comp_set1,48,10853,469,0,7059,1250,235,540,1300
ALNS,exam_comp_set2,42,3119,30,175,14,2250,600,50,0
ALNS,exam_comp_set2,43,3147,15,70,32,2425,605,0,0
ALNS,exam_comp_set2,44,2910,45,180,25,2050,610,0,0
ALNS,exam_comp_set2,45,3235,15,125,10,2350,585,150,0
ALNS,exam_comp_set2,46,3159,0,110,24,2350,625,50,0
ALNS,exam_comp_set2,47,3094,60,20,14,2375,625,0,0
ALNS,exam_comp_set2,48,3158,30,25,13,2450,640,0,0
ALNS,exam_comp_set3,42,159306,90540,31210,33706,2520,510,640,180
ALNS,exam_comp_set3,43,118750,71430,18170,25120,2600,810,620,0
ALNS,exam_comp_set3,44,195123,114315,39660,37628,2400,470,650,0
ALNS,exam_comp_set3,45,192068,123225,29610,35613,2540,470,610,0
ALNS,exam_comp_set3,46,134508,71430,30200,28628,2760,560,700,230
ALNS,exam_comp_set3,47,150573,86400,28710,31683,2480,650,650,0
ALNS,exam_comp_set3,48,163771,91680,34380,33891,2600,540,680,0
ALNS,exam_comp_set4,42,52073,34290,4210,8308,0,115,5150,0
ALNS,exam_comp_set4,43,42781,27648,3730,7708,0,145,3550,0
ALNS,exam_comp_set4,44,46661,29952,4325,7349,0,135,4900,0
ALNS,exam_comp_set4,45,46433,26613,6640,8705,0,125,4350,0
ALNS,exam_comp_set4,46,35996,20313,6105,7093,0,135,2350,0
ALNS,exam_comp_set4,47,48632,29493,6670,8539,0,130,3800,0
ALNS,exam_comp_set4,48,45355,30249,4020,7566,0,120,3400,0
ALNS,exam_comp_set5,42,17823,440,2790,7633,0,1310,5650,0
ALNS,exam_comp_set5,43,16843,2280,2820,7243,0,1300,3200,0
ALNS,exam_comp_set5,44,94361,66680,10635,10916,0,1030,5100,0
ALNS,exam_comp_set5,45,34373,0,16935,9998,0,1190,6250,0
ALNS,exam_comp_set5,46,47219,38240,30,7199,0,1250,500,0
ALNS,exam_comp_set5,47,29494,19160,195,6499,0,1290,2350,0
ALNS,exam_comp_set5,48,65485,46520,5400,8815,0,1300,3450,0
ALNS,exam_comp_set6,42,29920,6840,0,19900,1050,375,505,1250
ALNS,exam_comp_set6,43,43895,20620,0,19900,1100,375,500,1400
ALNS,exam_comp_set6,44,39855,16660,0,19900,1150,375,520,1250
ALNS,exam_comp_set6,45,38430,15260,0,19900,1000,375,495,1400
ALNS,exam_comp_set6,46,34780,11660,0,19900,1075,375,470,1300
ALNS,exam_comp_set6,47,34015,10780,0,19900,1100,375,510,1350
ALNS,exam_comp_set6,48,35740,12320,0,19900,1075,375,420,1650
ALNS,exam_comp_set7,42,23583,8150,0,12223,2430,350,200,230
ALNS,exam_comp_set7,43,15025,2400,0,9785,2280,330,200,30
ALNS,exam_comp_set7,44,13019,150,0,9824,2145,350,500,50
ALNS,exam_comp_set7,45,13387,150,0,9652,2475,380,500,230
ALNS,exam_comp_set7,46,15343,900,0,11633,2280,330,200,0
ALNS,exam_comp_set7,47,19418,4625,0,11448,2535,310,500,0
ALNS,exam_comp_set7,48,13524,550,0,10019,2295,360,300,0
ALNS,exam_comp_set8,42,18017,0,0,14441,2825,315,281,155
ALNS,exam_comp_set8,43,17933,0,0,14698,2550,315,195,175
ALNS,exam_comp_set8,44,16448,150,0,12944,2650,330,224,150
ALNS,exam_comp_set8,45,17872,0,0,14616,2650,285,246,75
ALNS,exam_comp_set8,46,16386,0,0,13133,2550,305,258,140
ALNS,exam_comp_set8,47,17764,0,0,14596,2500,285,288,95
ALNS,exam_comp_set8,48,17517,0,0,14138,2700,295,244,140
CP-SAT B&B,exam_comp_set1,42,14181,4032,0,5934,1240,285,790,1900
CP-SAT B&B,exam_comp_set1,43,15378,4606,0,6437,1440,255,540,2100
CP-SAT B&B,exam_comp_set1,44,16673,5243,0,6905,1410,255,760,2100
CP-SAT B&B,exam_comp_set1,45,15187,4361,0,6441,1350,245,690,2100
CP-SAT B&B,exam_comp_set1,46,14523,4018,0,6280,1270,245,760,1950
CP-SAT B&B,exam_comp_set1,47,14764,4130,0,6379,1240,255,610,2150
CP-SAT B&B,exam_comp_set1,48,12301,2212,0,6094,1360,265,520,1850
CP-SAT B&B,exam_comp_set2,42,3381,90,75,26,2425,615,150,0
CP-SAT B&B,exam_comp_set2,43,3586,135,140,51,2400,760,100,0
CP-SAT B&B,exam_comp_set2,44,3668,30,135,18,2725,610,150,0
CP-SAT B&B,exam_comp_set2,45,3628,75,80,18,2650,655,150,0
CP-SAT B&B,exam_comp_set2,46,3731,225,275,86,2200,745,200,0
CP-SAT B&B,exam_comp_set2,47,3899,225,100,54,2750,720,50,0
CP-SAT B&B,exam_comp_set2,48,3502,60,120,22,2600,600,100,0
CP-SAT B&B,exam_comp_set3,42,29307,12735,3580,9442,2260,1040,250,0
CP-SAT B&B,exam_comp_set3,43,30165,15150,3040,8175,2480,1000,320,0
CP-SAT B&B,exam_comp_set3,44,25231,8445,3810,9236,2480,980,280,0
CP-SAT B&B,exam_comp_set3,45,21125,5310,3730,8535,2300,910,340,0
CP-SAT B&B,exam_comp_set3,46,25795,9030,4270,8765,2460,970,300,0
CP-SAT B&B,exam_comp_set3,47,24652,6750,4200,9952,2360,1020,370,0
CP-SAT B&B,exam_comp_set3,48,23000,6615,4110,8605,2280,990,310,90
CP-SAT B&B,exam_comp_set4,42,53632,33597,4465,8250,0,120,7200,0
CP-SAT B&B,exam_comp_set4,43,49427,27648,8720,8419,0,140,4500,0
CP-SAT B&B,exam_comp_set4,44,48429,29511,4135,8198,0,135,6450,0
CP-SAT B&B,exam_comp_set4,45,48027,26820,6865,8217,0,125,6000,0
CP-SAT B&B,exam_comp_set4,46,36414,21420,4440,6709,0,145,3700,0
CP-SAT B&B,exam_comp_set4,47,51287,33084,3260,8258,0,135,6550,0
CP-SAT B&B,exam_comp_set4,48,46930,27891,4065,8094,0,130,6750,0
CP-SAT B&B,exam_comp_set5,42,6302,320,405,2787,0,1590,1200,0
CP-SAT B&B,exam_comp_set5,43,5698,240,120,2778,0,1560,1000,0
CP-SAT B&B,exam_comp_set5,44,5707,280,60,2917,0,1600,850,0
CP-SAT B&B,exam_comp_set5,45,6084,160,195,3009,0,1570,1150,0
CP-SAT B&B,exam_comp_set5,46,7150,1440,135,3045,0,1530,1000,0
CP-SAT B&B,exam_comp_set5,47,6961,1880,165,2536,0,1530,850,0
CP-SAT B&B,exam_comp_set5,48,7092,1520,0,2982,0,1540,1050,0
CP-SAT B&B,exam_comp_set6,42,34950,11420,0,19900,1325,375,480,1450
CP-SAT B&B,exam_comp_set6,43,41915,18320,0,19900,1175,375,495,1650
CP-SAT B&B,exam_comp_set6,44,33175,9540,0,19900,1300,375,510,1550
CP-SAT B&B,exam_comp_set6,45,37140,13640,0,19900,1175,375,550,1500
CP-SAT B&B,exam_comp_set6,46,31775,8260,0,19900,1225,375,565,1450
CP-SAT B&B,exam_comp_set6,47,31795,8200,0,19900,1300,375,520,1500
CP-SAT B&B,exam_comp_set6,48,36605,13240,0,19900,1175,375,465,1450
CP-SAT B&B,exam_comp_set7,42,10661,100,0,6486,3285,690,100,0
CP-SAT B&B,exam_comp_set7,43,10220,25,0,6460,3105,630,0,0
CP-SAT B&B,exam_comp_set7,44,10111,25,0,6156,3180,650,100,0
CP-SAT B&B,exam_comp_set7,45,9899,75,0,6169,3015,640,0,0
CP-SAT B&B,exam_comp_set7,46,9746,50,0,5866,3210,620,0,0
CP-SAT B&B,exam_comp_set7,47,10104,150,0,6204,3090,660,0,0
CP-SAT B&B,exam_comp_set7,48,10218,75,0,6308,3075,660,100,0
CP-SAT B&B,exam_comp_set8,42,13572,0,0,9268,3150,420,434,300
CP-SAT B&B,exam_comp_set8,43,14233,0,0,9857,3275,455,431,215
CP-SAT B&B,exam_comp_set8,44,13921,0,0,9583,3250,435,408,245
CP-SAT B&B,exam_comp_set8,45,14378,0,0,9806,3450,455,427,240
CP-SAT B&B,exam_comp_set8,46,14019,0,0,9800,3100,415,369,335
CP-SAT B&B,exam_comp_set8,47,14427,150,0,10050,3150,440,397,240
CP-SAT B&B,exam_comp_set8,48,14035,0,0,9854,3050,435,446,250
Genetic Algorithm,exam_comp_set1,42,21790,6447,0,9928,1320,265,1080,2750
Genetic Algorithm,exam_comp_set1,43,25547,8295,0,11637,1410,235,1320,2650
Genetic Algorithm,exam_comp_set1,44,25372,6993,0,12654,1390,245,1590,2500
Genetic Algorithm,exam_comp_set1,45,21280,5859,0,10031,1370,270,1150,2600
Genetic Algorithm,exam_comp_set1,46,32720,10892,0,15973,1330,245,1730,2550
Genetic Algorithm,exam_comp_set1,47,22874,6524,0,11060,1320,220,1000,2750
Genetic Algorithm,exam_comp_set1,48,46245,19005,0,19680,1370,230,2160,3800
Genetic Algorithm,exam_comp_set2,42,5744,885,535,254,2700,820,550,0
Genetic Algorithm,exam_comp_set2,43,6146,645,905,211,2925,810,650,0
Genetic Algorithm,exam_comp_set2,44,5570,1005,390,280,2500,795,600,0
Genetic Algorithm,exam_comp_set2,45,11713,3885,2385,473,2550,820,1600,0
Genetic Algorithm,exam_comp_set2,46,7415,960,1330,660,2575,790,1100,0
Genetic Algorithm,exam_comp_set2,47,9435,2730,1895,490,2550,820,950,0
Genetic Algorithm,exam_comp_set2,48,6784,1635,520,234,2700,795,900,0
Genetic Algorithm,exam_comp_set3,42,47429,22050,7000,15049,1820,1000,510,0
Genetic Algorithm,exam_comp_set3,43,50549,22395,9580,14704,2200,1070,600,0
Genetic Algorithm,exam_comp_set3,44,37031,15840,5440,12351,1860,1080,460,0
Genetic Algorithm,exam_comp_set3,45,32470,11790,5760,11290,1980,1100,550,0
Genetic Algorithm,exam_comp_set3,46,41594,17235,7900,13179,1820,1000,460,0
Genetic Algorithm,exam_comp_set3,47,44456,15825,10030,14751,2200,1050,600,0
Genetic Algorithm,exam_comp_set3,48,50942,22635,8860,15907,1980,1010,550,0
Genetic Algorithm,exam_comp_set4,42,42662,24624,4585,7228,0,125,6100,0
Genetic Algorithm,exam_comp_set4,43,43853,23760,8530,8013,0,150,3400,0
Genetic Algorithm,exam_comp_set4,44,39011,21384,3880,7202,0,145,6400,0
Genetic Algorithm,exam_comp_set4,45,42722,24867,4405,7660,0,140,5650,0
Genetic Algorithm,exam_comp_set4,46,23714,10719,3515,5260,0,120,4100,0
Genetic Algorithm,exam_comp_set4,47,37553,22932,3315,7071,0,135,4100,0
Genetic Algorithm,exam_comp_set4,48,40648,21870,5250,7983,0,145,5400,0
Genetic Algorithm,exam_comp_set5,42,11882,680,1245,5187,0,1620,3150,0
Genetic Algorithm,exam_comp_set5,43,11477,1440,630,5357,0,1600,2450,0
Genetic Algorithm,exam_comp_set5,44,13183,1360,1125,5668,0,1680,3350,0
Genetic Algorithm,exam_comp_set5,45,13303,840,975,6018,0,1570,3900,0
Genetic Algorithm,exam_comp_set5,46,14724,2040,870,6174,0,1640,4000,0
Genetic Algorithm,exam_comp_set5,47,14234,2200,885,5949,0,1700,3500,0
Genetic Algorithm,exam_comp_set5,48,12520,2360,345,5445,0,1720,2650,0
Genetic Algorithm,exam_comp_set6,42,39795,16060,0,19900,1150,375,560,1750
Genetic Algorithm,exam_comp_set6,43,55830,31940,0,19900,1275,375,590,1750
Genetic Algorithm,exam_comp_set6,44,42040,18280,0,19900,1325,375,610,1550
Genetic Algorithm,exam_comp_set6,45,41895,17960,0,19900,1150,375,710,1800
Genetic Algorithm,exam_comp_set6,46,34465,10740,0,19900,1175,375,575,1700
Genetic Algorithm,exam_comp_set6,47,37150,13500,0,19900,1125,375,600,1650
Genetic Algorithm,exam_comp_set6,48,40590,16840,0,19900,1175,375,650,1650
Genetic Algorithm,exam_comp_set7,42,11965,500,0,7740,2925,650,150,0
Genetic Algorithm,exam_comp_set7,43,13049,200,0,8689,3150,710,300,0
Genetic Algorithm,exam_comp_set7,44,12702,250,0,8782,2880,640,150,0
Genetic Algorithm,exam_comp_set7,45,13379,425,0,9049,3165,640,100,0
Genetic Algorithm,exam_comp_set7,46,15214,575,0,10099,3240,700,600,0
Genetic Algorithm,exam_comp_set7,47,13455,350,0,8920,3225,710,250,0
Genetic Algorithm,exam_comp_set7,48,12340,300,0,8300,3000,640,100,0
Genetic Algorithm,exam_comp_set8,42,20585,2250,0,14111,3050,475,434,265
Genetic Algorithm,exam_comp_set8,43,20709,2100,0,14298,3125,420,476,290
Genetic Algorithm,exam_comp_set8,44,19812,1500,0,14078,3025,475,454,280
Genetic Algorithm,exam_comp_set8,45,37611,20250,0,13063,3100,435,533,230
Genetic Algorithm,exam_comp_set8,46,21483,2550,0,14513,3175,455,505,285
Genetic Algorithm,exam_comp_set8,47,19253,1050,0,13891,3200,430,447,235
Genetic Algorithm,exam_comp_set8,48,20305,3150,0,13032,3025,405,423,270
Great Deluge,exam_comp_set1,42,49693,21763,0,19775,1330,245,2230,4350
Great Deluge,exam_comp_set1,43,20547,6363,0,8699,1220,275,1190,2800
Great Deluge,exam_comp_set1,44,27765,10787,0,10708,1330,300,1890,2750
Great Deluge,exam_comp_set1,45,52186,21175,0,21216,1380,245,2420,5750
Great Deluge,exam_comp_set1,46,37913,14189,0,16689,1390,275,2070,3300
Great Deluge,exam_comp_set1,47,60852,24493,0,26054,1570,195,2240,6300
Great Deluge,exam_comp_set1,48,44858,18837,0,18316,1420,255,1980,4050
Great Deluge,exam_comp_set2,42,147015,106740,19835,10100,3600,220,6450,70
Great Deluge,exam_comp_set2,43,180788,130710,26295,12373,4025,115,6350,920
Great Deluge,exam_comp_set2,44,68748,44370,11290,4593,3375,460,4650,10
Great Deluge,exam_comp_set2,45,147321,105450,21875,10246,3700,200,5600,250
Great Deluge,exam_comp_set2,46,182553,134025,25635,12278,3750,135,6000,730
Great Deluge,exam_comp_set2,47,90544,60465,14150,6689,3825,405,5000,10
Great Deluge,exam_comp_set2,48,93838,67620,10710,6788,3525,395,4800,0
Great Deluge,exam_comp_set3,42,153736,94935,25570,29641,2160,700,730,0
Great Deluge,exam_comp_set3,43,103185,62445,13860,22840,2420,890,730,0
Great Deluge,exam_comp_set3,44,145988,81540,32240,28408,2380,800,620,0
Great Deluge,exam_comp_set3,45,215251,137700,33730,40541,2120,520,640,0
Great Deluge,exam_comp_set3,46,218097,133155,40520,40982,2260,420,760,0
Great Deluge,exam_comp_set3,47,159983,94395,28200,33918,2120,640,710,0
Great Deluge,exam_comp_set3,48,215915,135090,35850,41545,2220,440,770,0
Great Deluge,exam_comp_set4,42,31063,14625,4910,6163,0,115,5250,0
Great Deluge,exam_comp_set4,43,30143,15426,3605,5527,0,85,5500,0
Great Deluge,exam_comp_set4,44,39970,22608,6425,7722,0,115,3100,0
Great Deluge,exam_comp_set4,45,42490,24390,5560,7490,0,150,4900,0
Great Deluge,exam_comp_set4,46,28370,13077,4830,6203,0,110,4150,0
Great Deluge,exam_comp_set4,47,37998,23139,4305,6579,0,125,3850,0
Great Deluge,exam_comp_set4,48,39875,21996,3700,7309,0,120,6750,0
Great Deluge,exam_comp_set5,42,344718,260720,33525,35533,0,690,14250,0
Great Deluge,exam_comp_set5,43,386559,292560,38400,39819,0,530,15250,0
Great Deluge,exam_comp_set5,44,231456,163640,25290,25706,0,970,15850,0
Great Deluge,exam_comp_set5,45,327975,242400,34695,36740,0,590,13550,0
Great Deluge,exam_comp_set5,46,361094,274520,37290,36374,0,560,12350,0
Great Deluge,exam_comp_set5,47,347944,259800,36405,35719,0,620,15400,0
Great Deluge,exam_comp_set5,48,313126,234680,31020,33386,0,690,13350,0
Great Deluge,exam_comp_set6,42,32405,8520,0,19900,925,375,585,2100
Great Deluge,exam_comp_set6,43,50030,26400,0,19900,1025,375,530,1800
Great Deluge,exam_comp_set6,44,33270,9540,0,19900,1075,375,680,1700
Great Deluge,exam_comp_set6,45,34105,10120,0,19900,1125,375,635,1950
Great Deluge,exam_comp_set6,46,51155,27500,0,19900,1025,375,355,2000
Great Deluge,exam_comp_set6,47,36125,11860,0,19900,1150,375,690,2150
Great Deluge,exam_comp_set6,48,37120,13480,0,19900,925,375,540,1900
Great Deluge,exam_comp_set7,42,174522,125525,0,45107,2880,130,450,430
Great Deluge,exam_comp_set7,43,19335,2725,0,11765,2625,620,1600,0
Great Deluge,exam_comp_set7,44,146810,102450,0,40380,2910,120,300,650
Great Deluge,exam_comp_set7,45,20003,3775,0,10038,2550,690,2950,0
Great Deluge,exam_comp_set7,46,148736,103100,0,41561,2925,170,150,830
Great Deluge,exam_comp_set7,47,173960,121225,0,48310,2895,170,850,510
Great Deluge,exam_comp_set7,48,127009,88300,0,34364,2895,200,1050,200
Great Deluge,exam_comp_set8,42,526245,477000,0,43807,3525,30,13,1870
Great Deluge,exam_comp_set8,43,526216,477450,0,43306,3350,50,5,2055
Great Deluge,exam_comp_set8,44,516739,469650,0,41934,3275,60,0,1820
Great Deluge,exam_comp_set8,45,512445,458400,0,47740,4000,0,0,2305
Great Deluge,exam_comp_set8,46,555517,506400,0,43702,3475,35,0,1905
Great Deluge,exam_comp_set8,47,501370,451800,0,43560,3775,35,10,2190
Great Deluge,exam_comp_set8,48,545987,495000,0,44982,3775,15,5,2210
Greedy,exam_comp_set1,42,68678,28672,0,27876,1500,210,2570,7850
Greedy,exam_comp_set1,43,68678,28672,0,27876,1500,210,2570,7850
Greedy,exam_comp_set1,44,68678,28672,0,27876,1500,210,2570,7850
Greedy,exam_comp_set1,45,68678,28672,0,27876,1500,210,2570,7850
Greedy,exam_comp_set1,46,68678,28672,0,27876,1500,210,2570,7850
Greedy,exam_comp_set1,47,68678,28672,0,27876,1500,210,2570,7850
Greedy,exam_comp_set1,48,68678,28672,0,27876,1500,210,2570,7850
Greedy,exam_comp_set2,42,183729,133470,26500,12174,3925,120,5950,1590
Greedy,exam_comp_set2,43,183729,133470,26500,12174,3925,120,5950,1590
Greedy,exam_comp_set2,44,183729,133470,26500,12174,3925,120,5950,1590
Greedy,exam_comp_set2,45,183729,133470,26500,12174,3925,120,5950,1590
Greedy,exam_comp_set2,46,183729,133470,26500,12174,3925,120,5950,1590
Greedy,exam_comp_set2,47,183729,133470,26500,12174,3925,120,5950,1590
Greedy,exam_comp_set2,48,183729,133470,26500,12174,3925,120,5950,1590
Greedy,exam_comp_set3,42,277997,172245,45810,53542,2360,160,750,3130
Greedy,exam_comp_set3,43,277997,172245,45810,53542,2360,160,750,3130
Greedy,exam_comp_set3,44,277997,172245,45810,53542,2360,160,750,3130
Greedy,exam_comp_set3,45,277997,172245,45810,53542,2360,160,750,3130
Greedy,exam_comp_set3,46,277997,172245,45810,53542,2360,160,750,3130
Greedy,exam_comp_set3,47,277997,172245,45810,53542,2360,160,750,3130
Greedy,exam_comp_set3,48,277997,172245,45810,53542,2360,160,750,3130
Greedy,exam_comp_set4,42,62720,37251,8610,10274,0,135,6450,0
Greedy,exam_comp_set4,43,62720,37251,8610,10274,0,135,6450,0
Greedy,exam_comp_set4,44,62720,37251,8610,10274,0,135,6450,0
Greedy,exam_comp_set4,45,62720,37251,8610,10274,0,135,6450,0
Greedy,exam_comp_set4,46,62720,37251,8610,10274,0,135,6450,0
Greedy,exam_comp_set4,47,62720,37251,8610,10274,0,135,6450,0
Greedy,exam_comp_set4,48,62720,37251,8610,10274,0,135,6450,0
Greedy,exam_comp_set5,42,412455,313320,41940,42085,0,460,14650,0
Greedy,exam_comp_set5,43,412455,313320,41940,42085,0,460,14650,0
Greedy,exam_comp_set5,44,412455,313320,41940,42085,0,460,14650,0
Greedy,exam_comp_set5,45,412455,313320,41940,42085,0,460,14650,0
Greedy,exam_comp_set5,46,412455,313320,41940,42085,0,460,14650,0
Greedy,exam_comp_set5,47,412455,313320,41940,42085,0,460,14650,0
Greedy,exam_comp_set5,48,412455,313320,41940,42085,0,460,14650,0
Greedy,exam_comp_set6,42,68625,43200,0,19900,1000,375,200,3950
Greedy,exam_comp_set6,43,68625,43200,0,19900,1000,375,200,3950
Greedy,exam_comp_set6,44,68625,43200,0,19900,1000,375,200,3950
Greedy,exam_comp_set6,45,68625,43200,0,19900,1000,375,200,3950
Greedy,exam_comp_set6,46,68625,43200,0,19900,1000,375,200,3950
Greedy,exam_comp_set6,47,68625,43200,0,19900,1000,375,200,3950
Greedy,exam_comp_set6,48,68625,43200,0,19900,1000,375,200,3950
Greedy,exam_comp_set7,42,267057,184575,0,68757,3255,0,150,10320
Greedy,exam_comp_set7,43,267057,184575,0,68757,3255,0,150,10320
Greedy,exam_comp_set7,44,267057,184575,0,68757,3255,0,150,10320
Greedy,exam_comp_set7,45,267057,184575,0,68757,3255,0,150,10320
Greedy,exam_comp_set7,46,267057,184575,0,68757,3255,0,150,10320
Greedy,exam_comp_set7,47,267057,184575,0,68757,3255,0,150,10320
Greedy,exam_comp_set7,48,267057,184575,0,68757,3255,0,150,10320
Greedy,exam_comp_set8,42,575089,520500,0,48054,3800,5,0,2730
Greedy,exam_comp_set8,43,575089,520500,0,48054,3800,5,0,2730
Greedy,exam_comp_set8,44,575089,520500,0,48054,3800,5,0,2730
Greedy,exam_comp_set8,45,575089,520500,0,48054,3800,5,0,2730
Greedy,exam_comp_set8,46,575089,520500,0,48054,3800,5,0,2730
Greedy,exam_comp_set8,47,575089,520500,0,48054,3800,5,0,2730
Greedy,exam_comp_set8,48,575089,520500,0,48054,3800,5,0,2730
HHO+,exam_comp_set1,42,58868,23800,0,23148,1330,220,2520,7850
HHO+,exam_comp_set1,43,52675,18340,0,21905,1350,220,2410,8450
HHO+,exam_comp_set1,44,56289,21791,0,22148,1410,230,2360,8350
HHO+,exam_comp_set1,45,54429,20965,0,21194,1160,240,2570,8300
HHO+,exam_comp_set1,46,52665,18109,0,23041,1370,215,2380,7550
HHO+,exam_comp_set1,47,52344,18998,0,21731,1430,215,2120,7850
HHO+,exam_comp_set1,48,54552,20930,0,21452,1430,230,2310,8200
HHO+,exam_comp_set2,42,120387,83010,18410,8442,3025,290,5650,1560
HHO+,exam_comp_set2,43,135825,96930,19825,9225,2900,305,5200,1440
HHO+,exam_comp_set2,44,116424,82575,16410,7959,2825,315,4800,1540
HHO+,exam_comp_set2,45,124530,89835,17020,8005,2850,330,5000,1490
HHO+,exam_comp_set2,46,118270,83610,16880,7695,2750,295,5550,1490
HHO+,exam_comp_set2,47,114288,81720,14990,8148,2700,350,4850,1530
HHO+,exam_comp_set2,48,134546,96060,18640,8896,3175,295,5950,1530
HHO+,exam_comp_set3,42,177747,107970,27670,35837,1820,580,790,3080
HHO+,exam_comp_set3,43,106683,59010,18190,23623,2080,930,760,2090
HHO+,exam_comp_set3,44,163078,90060,35020,31728,1700,670,730,3170
HHO+,exam_comp_set3,45,167677,105525,24150,32352,1780,660,680,2530
HHO+,exam_comp_set3,46,161167,89925,32980,32302,1960,600,760,2640
HHO+,exam_comp_set3,47,134693,73455,26270,28998,1740,710,720,2800
HHO+,exam_comp_set3,48,171548,106335,26800,32363,1860,610,770,2810
HHO+,exam_comp_set4,42,33142,17631,5280,6766,0,115,3350,0
HHO+,exam_comp_set4,43,44862,24642,7455,8785,0,130,3850,0
HHO+,exam_comp_set4,44,43825,25254,4040,7856,0,125,6550,0
HHO+,exam_comp_set4,45,48633,25137,7535,8876,0,135,6950,0
HHO+,exam_comp_set4,46,46102,27162,5340,8410,0,140,5050,0
HHO+,exam_comp_set4,47,32083,15651,5245,6142,0,145,4900,0
HHO+,exam_comp_set4,48,39432,22905,5600,7262,0,115,3550,0
HHO+,exam_comp_set5,42,275945,201120,26805,29490,0,830,17700,0
HHO+,exam_comp_set5,43,220204,155120,22200,25454,0,980,16450,0
HHO+,exam_comp_set5,44,266194,198680,19215,29139,0,860,18300,0
HHO+,exam_comp_set5,45,280134,204920,28515,29619,0,780,16300,0
HHO+,exam_comp_set5,46,240217,159560,36330,28007,0,770,15550,0
HHO+,exam_comp_set5,47,282012,206480,30405,28377,0,850,15900,0
HHO+,exam_comp_set5,48,287474,211080,29265,30599,0,780,15750,0
HHO+,exam_comp_set6,42,42415,16740,0,19900,1025,375,525,3850
HHO+,exam_comp_set6,43,57860,32220,0,19900,1125,375,540,3700
HHO+,exam_comp_set6,44,46435,20460,0,19900,1225,375,575,3900
HHO+,exam_comp_set6,45,50860,24840,0,19900,1075,375,470,4200
HHO+,exam_comp_set6,46,48550,23100,0,19900,1100,375,575,3500
HHO+,exam_comp_set6,47,47710,21800,0,19900,1100,375,485,4050
HHO+,exam_comp_set6,48,47605,22200,0,19900,950,375,430,3750
HHO+,exam_comp_set7,42,164987,106625,0,43277,2925,240,1600,10320
HHO+,exam_comp_set7,43,150849,94950,0,41639,3000,290,700,10270
HHO+,exam_comp_set7,44,142207,85900,0,42727,2970,280,650,9680
HHO+,exam_comp_set7,45,145634,89575,0,42669,3000,250,1500,8640
HHO+,exam_comp_set7,46,156748,96175,0,45038,2895,330,2350,9960
HHO+,exam_comp_set7,47,162424,105200,0,43979,2865,170,600,9610
HHO+,exam_comp_set7,48,147522,88800,0,44047,2895,180,1050,10550
HHO+,exam_comp_set8,42,358591,319800,0,33128,2525,175,233,2730
HHO+,exam_comp_set8,43,348852,312450,0,30755,2550,185,187,2725
HHO+,exam_comp_set8,44,296860,260400,0,30526,2775,180,199,2780
HHO+,exam_comp_set8,45,275592,237900,0,31714,2900,190,218,2670
HHO+,exam_comp_set8,46,368532,331800,0,30991,2700,195,166,2680
HHO+,exam_comp_set8,47,299670,262950,0,30946,2775,180,134,2685
HHO+,exam_comp_set8,48,317869,281550,0,30240,2975,180,174,2750
Kempe Chain,exam_comp_set1,42,12380,777,0,6503,810,280,1110,2900
Kempe Chain,exam_comp_set1,43,11961,672,0,6434,840,255,1110,2650
Kempe Chain,exam_comp_set1,44,12465,735,0,6625,800,275,930,3100
Kempe Chain,exam_comp_set1,45,12076,987,0,6114,950,295,880,2850
Kempe Chain,exam_comp_set1,46,12372,707,0,6510,910,245,1050,2950
Kempe Chain,exam_comp_set1,47,12534,763,0,6756,910,255,1050,2800
Kempe Chain,exam_comp_set1,48,12895,1169,0,6566,870,260,1080,2950
Kempe Chain,exam_comp_set2,42,2076,15,145,31,575,810,500,0
Kempe Chain,exam_comp_set2,43,2174,0,160,74,550,790,600,0
Kempe Chain,exam_comp_set2,44,2173,15,165,78,550,815,550,0
Kempe Chain,exam_comp_set2,45,2310,75,125,85,575,800,650,0
Kempe Chain,exam_comp_set2,46,2206,75,110,46,700,825,450,0
Kempe Chain,exam_comp_set2,47,1976,15,200,81,625,855,200,0
Kempe Chain,exam_comp_set2,48,2560,0,145,65,650,800,900,0
Kempe Chain,exam_comp_set3,42,26296,9585,4130,10061,860,1100,560,0
Kempe Chain,exam_comp_set3,43,23530,5655,4540,10365,1220,1180,570,0
Kempe Chain,exam_comp_set3,44,25578,8385,4060,10543,1020,1090,480,0
Kempe Chain,exam_comp_set3,45,26522,8880,4240,10832,820,1110,640,0
Kempe Chain,exam_comp_set3,46,24637,7770,3700,10837,820,1020,490,0
Kempe Chain,exam_comp_set3,47,23982,6180,4450,10512,1160,1070,610,0
Kempe Chain,exam_comp_set3,48,25775,8460,3540,11255,900,960,660,0
Kempe Chain,exam_comp_set4,42,20220,10035,3780,4500,0,105,1800,0
Kempe Chain,exam_comp_set4,43,23828,10296,4205,4952,0,125,4250,0
Kempe Chain,exam_comp_set4,44,22977,9414,3735,5188,0,140,4500,0
Kempe Chain,exam_comp_set4,45,31825,18819,4915,5901,0,140,2050,0
Kempe Chain,exam_comp_set4,46,24012,11133,4900,5254,0,125,2600,0
Kempe Chain,exam_comp_set4,47,22932,10575,3695,5177,0,135,3350,0
Kempe Chain,exam_comp_set4,48,22196,8973,3915,4978,0,130,4200,0
Kempe Chain,exam_comp_set5,42,10138,120,60,4168,0,1690,4100,0
Kempe Chain,exam_comp_set5,43,9992,80,165,4357,0,1590,3800,0
Kempe Chain,exam_comp_set5,44,10701,80,30,4631,0,1660,4300,0
Kempe Chain,exam_comp_set5,45,10661,120,60,4971,0,1610,3900,0
Kempe Chain,exam_comp_set5,46,12883,1480,60,4983,0,1660,4700,0
Kempe Chain,exam_comp_set5,47,10421,200,180,4691,0,1650,3700,0
Kempe Chain,exam_comp_set5,48,12030,1400,60,4700,0,1670,4200,0
Kempe Chain,exam_comp_set6,42,29650,6200,0,19900,850,375,575,1750
Kempe Chain,exam_comp_set6,43,33885,10460,0,19900,750,375,600,1800
Kempe Chain,exam_comp_set6,44,31785,8280,0,19900,1000,375,680,1550
Kempe Chain,exam_comp_set6,45,31230,7860,0,19900,850,375,645,1600
Kempe Chain,exam_comp_set6,46,31140,7920,0,19900,875,375,620,1450
Kempe Chain,exam_comp_set6,47,29130,5840,0,19900,850,375,615,1550
Kempe Chain,exam_comp_set6,48,33325,10020,0,19900,975,375,505,1550
Kempe Chain,exam_comp_set7,42,10740,50,0,7960,1590,840,300,0
Kempe Chain,exam_comp_set7,43,11071,25,0,8181,1335,830,700,0
Kempe Chain,exam_comp_set7,44,10969,0,0,8319,1500,800,350,0
Kempe Chain,exam_comp_set7,45,11186,25,0,8476,1305,730,650,0
Kempe Chain,exam_comp_set7,46,10956,25,0,8216,1575,690,450,0
Kempe Chain,exam_comp_set7,47,10657,50,0,7992,1485,780,350,0
Kempe Chain,exam_comp_set7,48,10984,50,0,8344,1500,790,300,0
Kempe Chain,exam_comp_set8,42,14884,0,0,11512,2150,450,467,305
Kempe Chain,exam_comp_set8,43,14904,0,0,11467,2150,465,512,310
Kempe Chain,exam_comp_set8,44,15380,0,0,12011,2125,460,469,315
Kempe Chain,exam_comp_set8,45,14678,0,0,11143,2250,430,525,330
Kempe Chain,exam_comp_set8,46,14748,0,0,11244,2250,410,504,340
Kempe Chain,exam_comp_set8,47,14826,0,0,11187,2325,445,489,380
Kempe Chain,exam_comp_set8,48,15043,0,0,11561,2200,440,522,320
LAHC,exam_comp_set1,42,15964,4592,0,6857,1230,295,740,2250
LAHC,exam_comp_set1,43,15818,3885,0,7403,1270,280,780,2200
LAHC,exam_comp_set1,44,14420,3150,0,6700,1160,280,980,2150
LAHC,exam_comp_set1,45,16668,4865,0,6973,1210,280,790,2550
LAHC,exam_comp_set1,46,15642,3745,0,7397,1320,270,760,2150
LAHC,exam_comp_set1,47,12366,1085,0,6711,1320,270,930,2050
LAHC,exam_comp_set1,48,15988,4487,0,6586,1360,275,1080,2200
LAHC,exam_comp_set2,42,3539,15,70,14,2075,765,600,0
LAHC,exam_comp_set2,43,4019,15,110,49,2175,720,950,0
LAHC,exam_comp_set2,44,3869,105,270,114,1850,730,800,0
LAHC,exam_comp_set2,45,4281,45,120,71,2300,745,1000,0
LAHC,exam_comp_set2,46,4091,30,120,31,2300,710,900,0
LAHC,exam_comp_set2,47,4213,75,170,48,2075,745,1100,0
LAHC,exam_comp_set2,48,3650,90,40,50,1975,745,750,0
LAHC,exam_comp_set3,42,34655,13305,5360,12230,2220,980,560,0
LAHC,exam_comp_set3,43,31082,7965,5370,13537,2500,1080,630,0
LAHC,exam_comp_set3,44,32275,9990,6690,11905,2160,1000,530,0
LAHC,exam_comp_set3,45,37326,14835,6690,11861,2400,1010,530,0
LAHC,exam_comp_set3,46,37870,13050,8520,12710,2120,930,540,0
LAHC,exam_comp_set3,47,32128,6945,8490,13073,2000,1030,590,0
LAHC,exam_comp_set3,48,29278,10575,3940,10833,2240,1110,580,0
LAHC,exam_comp_set4,42,27695,15345,4495,5935,0,120,1800,0
LAHC,exam_comp_set4,43,26804,12852,4400,6517,0,135,2900,0
LAHC,exam_comp_set4,44,37379,22860,4160,6924,0,135,3300,0
LAHC,exam_comp_set4,45,38702,22734,4725,7738,0,155,3350,0
LAHC,exam_comp_set4,46,22185,8307,5405,4993,0,130,3350,0
LAHC,exam_comp_set4,47,38771,21906,3445,7180,0,140,6100,0
LAHC,exam_comp_set4,48,36624,19521,6665,6968,0,120,3350,0
LAHC,exam_comp_set5,42,12577,120,150,5107,0,1650,5550,0
LAHC,exam_comp_set5,43,12234,520,0,4884,0,1630,5200,0
LAHC,exam_comp_set5,44,12250,520,195,4765,0,1670,5100,0
LAHC,exam_comp_set5,45,11392,120,120,4822,0,1580,4750,0
LAHC,exam_comp_set5,46,13331,1520,90,5761,0,1610,4350,0
LAHC,exam_comp_set5,47,14934,1800,210,5204,0,1670,6050,0
LAHC,exam_comp_set5,48,13531,1520,0,4951,0,1660,5400,0
LAHC,exam_comp_set6,42,32395,9060,0,19900,1125,375,485,1450
LAHC,exam_comp_set6,43,36835,13200,0,19900,1225,375,485,1650
LAHC,exam_comp_set6,44,33275,9780,0,19900,1125,375,595,1500
LAHC,exam_comp_set6,45,30385,6820,0,19900,1125,375,565,1600
LAHC,exam_comp_set6,46,31645,7740,0,19900,1400,375,630,1600
LAHC,exam_comp_set6,47,31220,7740,0,19900,1075,375,580,1550
LAHC,exam_comp_set6,48,35645,12180,0,19900,1250,375,590,1350
LAHC,exam_comp_set7,42,12827,50,0,8887,2550,690,650,0
LAHC,exam_comp_set7,43,12918,125,0,8883,2610,700,600,0
LAHC,exam_comp_set7,44,13424,100,0,8839,2775,710,1000,0
LAHC,exam_comp_set7,45,12956,125,0,8756,2265,760,1050,0
LAHC,exam_comp_set7,46,12719,0,0,8464,2385,620,1250,0
LAHC,exam_comp_set7,47,12831,25,0,8676,2580,650,900,0
LAHC,exam_comp_set7,48,13176,100,0,8856,2670,700,850,0
LAHC,exam_comp_set8,42,15036,0,0,11338,2600,415,413,270
LAHC,exam_comp_set8,43,15076,0,0,11252,2600,435,494,295
LAHC,exam_comp_set8,44,14913,0,0,11137,2725,450,421,180
LAHC,exam_comp_set8,45,15425,0,0,11326,3075,400,404,220
LAHC,exam_comp_set8,46,15890,0,0,11945,2825,455,465,200
LAHC,exam_comp_set8,47,15080,0,0,11250,2700,415,460,255
LAHC,exam_comp_set8,48,14995,0,0,11189,2625,435,516,230
Multi-Neighbourhood SA,exam_comp_set1,42,17029,4144,0,7670,1280,255,1380,2300
Multi-Neighbourhood SA,exam_comp_set1,43,16628,4424,0,7304,1360,260,1180,2100
Multi-Neighbourhood SA,exam_comp_set1,44,15333,3066,0,7262,1330,295,1030,2350
Multi-Neighbourhood SA,exam_comp_set1,45,16049,3857,0,7207,1290,285,910,2500
Multi-Neighbourhood SA,exam_comp_set1,46,18347,5404,0,7748,1300,255,1190,2450
Multi-Neighbourhood SA,exam_comp_set1,47,15881,3059,0,7547,1200,285,1490,2300
Multi-Neighbourhood SA,exam_comp_set1,48,14478,2226,0,7337,1210,265,1190,2250
Multi-Neighbourhood SA,exam_comp_set2,42,6962,510,620,272,2225,835,2500,0
Multi-Neighbourhood SA,exam_comp_set2,43,6680,825,350,440,2225,840,2000,0
Multi-Neighbourhood SA,exam_comp_set2,44,6763,900,875,278,2125,835,1750,0
Multi-Neighbourhood SA,exam_comp_set2,45,7098,690,300,368,2300,840,2600,0
Multi-Neighbourhood SA,exam_comp_set2,46,6160,390,465,300,2150,805,2050,0
Multi-Neighbourhood SA,exam_comp_set2,47,6307,555,565,447,1925,815,2000,0
Multi-Neighbourhood SA,exam_comp_set2,48,6320,510,400,260,2250,850,2050,0
Multi-Neighbourhood SA,exam_comp_set3,42,36523,13245,6000,13418,2200,1020,640,0
Multi-Neighbourhood SA,exam_comp_set3,43,39206,14940,6270,13956,2320,1060,660,0
Multi-Neighbourhood SA,exam_comp_set3,44,44813,17745,8150,15138,2200,1000,580,0
Multi-Neighbourhood SA,exam_comp_set3,45,42533,18330,6890,13253,2460,1010,590,0
Multi-Neighbourhood SA,exam_comp_set3,46,40605,15240,7320,13945,2360,1100,640,0
Multi-Neighbourhood SA,exam_comp_set3,47,35223,9915,6980,14468,2100,1090,670,0
Multi-Neighbourhood SA,exam_comp_set3,48,45474,17460,10530,13474,2380,970,660,0
Multi-Neighbourhood SA,exam_comp_set4,42,23112,10062,4805,4965,0,130,3150,0
Multi-Neighbourhood SA,exam_comp_set4,43,37655,20538,4685,7482,0,150,4800,0
Multi-Neighbourhood SA,exam_comp_set4,44,36605,20448,4310,7067,0,130,4650,0
Multi-Neighbourhood SA,exam_comp_set4,45,38016,20232,6370,7299,0,115,4000,0
Multi-Neighbourhood SA,exam_comp_set4,46,24781,9846,4700,5885,0,100,4250,0
Multi-Neighbourhood SA,exam_comp_set4,47,29140,13257,4260,5948,0,125,5550,0
Multi-Neighbourhood SA,exam_comp_set4,48,36269,22140,4040,7094,0,145,2850,0
Multi-Neighbourhood SA,exam_comp_set5,42,31400,1880,1590,7430,0,1650,18850,0
Multi-Neighbourhood SA,exam_comp_set5,43,28715,2040,1005,7730,0,1690,16250,0
Multi-Neighbourhood SA,exam_comp_set5,44,27583,1800,900,7323,0,1710,15850,0
Multi-Neighbourhood SA,exam_comp_set5,45,31515,2360,975,8350,0,1680,18150,0
Multi-Neighbourhood SA,exam_comp_set5,46,29365,2800,1365,7750,0,1700,15750,0
Multi-Neighbourhood SA,exam_comp_set5,47,29302,1040,1320,7992,0,1700,17250,0
Multi-Neighbourhood SA,exam_comp_set5,48,27274,2640,1245,7789,0,1650,13950,0
Multi-Neighbourhood SA,exam_comp_set6,42,35255,11380,0,19900,1325,375,675,1600
Multi-Neighbourhood SA,exam_comp_set6,43,32140,8460,0,19900,1150,375,655,1600
Multi-Neighbourhood SA,exam_comp_set6,44,33765,10040,0,19900,1200,375,700,1550
Multi-Neighbourhood SA,exam_comp_set6,45,31480,7740,0,19900,1275,375,690,1500
Multi-Neighbourhood SA,exam_comp_set6,46,31340,7440,0,19900,1150,375,725,1750
Multi-Neighbourhood SA,exam_comp_set6,47,33920,10080,0,19900,1300,375,715,1550
Multi-Neighbourhood SA,exam_comp_set6,48,34110,10220,0,19900,1300,375,665,1650
Multi-Neighbourhood SA,exam_comp_set7,42,22373,2300,0,12178,2745,750,4400,0
Multi-Neighbourhood SA,exam_comp_set7,43,22034,2125,0,12709,2550,750,3900,0
Multi-Neighbourhood SA,exam_comp_set7,44,21861,1825,0,12216,2610,810,4400,0
Multi-Neighbourhood SA,exam_comp_set7,45,20996,1525,0,11106,2475,740,5150,0
Multi-Neighbourhood SA,exam_comp_set7,46,21418,1350,0,12798,2700,770,3800,0
Multi-Neighbourhood SA,exam_comp_set7,47,21820,1575,0,11685,2580,680,5300,0
Multi-Neighbourhood SA,exam_comp_set7,48,22320,1650,0,12940,2640,840,4250,0
Multi-Neighbourhood SA,exam_comp_set8,42,19400,300,0,14883,3100,435,432,250
Multi-Neighbourhood SA,exam_comp_set8,43,20012,600,0,15422,2825,445,465,255
Multi-Neighbourhood SA,exam_comp_set8,44,20290,1200,0,15061,2825,450,564,190
Multi-Neighbourhood SA,exam_comp_set8,45,18658,300,0,14266,2825,465,462,340
Multi-Neighbourhood SA,exam_comp_set8,46,20556,450,0,15796,3050,485,535,240
Multi-Neighbourhood SA,exam_comp_set8,47,20291,1500,0,14499,3125,440,482,245
Multi-Neighbourhood SA,exam_comp_set8,48,20473,1200,0,14929,3000,435,644,265
Tabu Search,exam_comp_set1,42,8373,889,0,4344,1360,260,420,1100
Tabu Search,exam_comp_set1,43,8535,469,0,4716,1310,270,420,1350
Tabu Search,exam_comp_set1,44,8916,805,0,4816,1350,275,270,1400
Tabu Search,exam_comp_set1,45,8966,1029,0,4897,1240,280,320,1200
Tabu Search,exam_comp_set1,46,9257,784,0,5133,1370,280,390,1300
Tabu Search,exam_comp_set1,47,8768,1022,0,4496,1360,270,220,1400
Tabu Search,exam_comp_set1,48,8365,462,0,4643,1260,280,420,1300
Tabu Search,exam_comp_set2,42,2634,15,65,4,1900,550,100,0
Tabu Search,exam_comp_set2,43,2582,15,20,2,1900,545,100,0
Tabu Search,exam_comp_set2,44,2922,15,140,17,2225,525,0,0
Tabu Search,exam_comp_set2,45,2900,0,15,0,2250,535,100,0
Tabu Search,exam_comp_set2,46,2803,15,40,23,2075,550,100,0
Tabu Search,exam_comp_set2,47,2567,0,30,12,2000,525,0,0
Tabu Search,exam_comp_set2,48,2775,0,60,5,2175,535,0,0
Tabu Search,exam_comp_set3,42,34479,13410,4390,12649,2340,1130,560,0
Tabu Search,exam_comp_set3,43,24266,6405,4550,9071,2500,1110,630,0
Tabu Search,exam_comp_set3,44,23000,6225,4930,7925,2500,1110,310,0
Tabu Search,exam_comp_set3,45,22851,6180,4170,8391,2740,1040,330,0
Tabu Search,exam_comp_set3,46,24108,6705,4760,8623,2640,1000,380,0
Tabu Search,exam_comp_set3,47,28699,8010,5400,11459,2040,1120,670,0
Tabu Search,exam_comp_set3,48,21505,6375,3540,7710,2460,1060,360,0
Tabu Search,exam_comp_set4,42,35994,21609,5505,6525,0,105,2250,0
Tabu Search,exam_comp_set4,43,30091,10287,11375,6189,0,140,2100,0
Tabu Search,exam_comp_set4,44,36667,21042,3850,7580,0,145,4050,0
Tabu Search,exam_comp_set4,45,34162,20331,4135,7231,0,115,2350,0
Tabu Search,exam_comp_set4,46,21214,8730,4305,5514,0,115,2550,0
Tabu Search,exam_comp_set4,47,39167,22671,5905,7296,0,145,3150,0
Tabu Search,exam_comp_set4,48,34847,19755,4480,6887,0,125,3600,0
Tabu Search,exam_comp_set5,42,4922,80,150,2552,0,1540,600,0
Tabu Search,exam_comp_set5,43,5615,520,60,2625,0,1560,850,0
Tabu Search,exam_comp_set5,44,5637,640,0,2507,0,1540,950,0
Tabu Search,exam_comp_set5,45,5285,160,15,2370,0,1640,1100,0
Tabu Search,exam_comp_set5,46,6183,1440,15,2458,0,1570,700,0
Tabu Search,exam_comp_set5,47,6741,1800,150,2591,0,1550,650,0
Tabu Search,exam_comp_set5,48,6140,1560,30,2500,0,1550,500,0
Tabu Search,exam_comp_set6,42,29810,6580,0,19900,975,375,480,1500
Tabu Search,exam_comp_set6,43,30500,7240,0,19900,950,375,435,1600
Tabu Search,exam_comp_set6,44,32425,9200,0,19900,1000,375,500,1450
Tabu Search,exam_comp_set6,45,30625,7260,0,19900,1000,375,490,1600
Tabu Search,exam_comp_set6,46,29845,6560,0,19900,975,375,435,1600
Tabu Search,exam_comp_set6,47,31250,7960,0,19900,1000,375,515,1500
Tabu Search,exam_comp_set6,48,30675,7460,0,19900,950,375,490,1500
Tabu Search,exam_comp_set7,42,8138,50,0,5018,2550,520,0,0
Tabu Search,exam_comp_set7,43,8228,50,0,5053,2565,560,0,0
Tabu Search,exam_comp_set7,44,7921,0,0,4831,2550,540,0,0
Tabu Search,exam_comp_set7,45,8111,50,0,4856,2595,610,0,0
Tabu Search,exam_comp_set7,46,7854,0,0,4854,2430,570,0,0
Tabu Search,exam_comp_set7,47,8045,0,0,4885,2520,540,100,0
Tabu Search,exam_comp_set7,48,8001,0,0,4966,2475,560,0,0
Tabu Search,exam_comp_set8,42,12861,0,0,8906,3000,410,340,205
Tabu Search,exam_comp_set8,43,13188,0,0,9475,2750,415,378,170
Tabu Search,exam_comp_set8,44,12725,0,0,9043,2725,405,357,195
Tabu Search,exam_comp_set8,45,12918,0,0,9208,2775,395,380,160
Tabu Search,exam_comp_set8,46,13859,300,0,9548,2950,395,436,230
Tabu Search,exam_comp_set8,47,12667,0,0,8911,2800,380,336,240
Tabu Search,exam_comp_set8,48,12588,0,0,8918,2675,425,355,215
GVNS,exam_comp_set1,42,11317,1855,0,5982,1130,260,540,1550
GVNS,exam_comp_set1,43,9904,238,0,6116,1170,260,370,1750
GVNS,exam_comp_set1,44,10314,721,0,5858,1150,265,520,1800
GVNS,exam_comp_set1,45,11618,2135,0,5963,1120,260,490,1650
GVNS,exam_comp_set1,46,10560,798,0,6182,1090,250,490,1750
GVNS,exam_comp_set1,47,9846,196,0,6225,1100,235,440,1650
GVNS,exam_comp_set1,48,10738,735,0,6108,1190,285,470,1950
GVNS,exam_comp_set2,42,2486,0,80,6,1650,700,50,0
GVNS,exam_comp_set2,43,2151,0,35,1,1425,590,100,0
GVNS,exam_comp_set2,44,2766,15,25,11,2025,640,50,0
GVNS,exam_comp_set2,45,2258,30,55,3,1475,595,100,0
GVNS,exam_comp_set2,46,2352,0,25,2,1700,625,0,0
GVNS,exam_comp_set2,47,2278,15,75,8,1525,655,0,0
GVNS,exam_comp_set2,48,2257,15,45,2,1550,645,0,0
GVNS,exam_comp_set3,42,22745,6945,3590,8760,2040,1010,400,0
GVNS,exam_comp_set3,43,22351,6225,3830,8626,2200,1040,430,0
GVNS,exam_comp_set3,44,21439,4860,4420,8669,2160,990,340,0
GVNS,exam_comp_set3,45,21562,6360,3740,8182,1820,1060,400,0
GVNS,exam_comp_set3,46,22504,7125,3960,8359,1780,1020,260,0
GVNS,exam_comp_set3,47,21487,4635,4690,8862,1860,1010,430,0
GVNS,exam_comp_set3,48,21499,5895,3740,8424,2000,1020,420,0
GVNS,exam_comp_set4,42,20042,9702,3395,4950,0,95,1900,0
GVNS,exam_comp_set4,43,27512,10071,8890,6491,0,160,1900,0
GVNS,exam_comp_set4,44,23859,12258,3060,5216,0,125,3200,0
GVNS,exam_comp_set4,45,22896,10107,4290,5579,0,120,2800,0
GVNS,exam_comp_set4,46,21667,10188,3880,5179,0,120,2300,0
GVNS,exam_comp_set4,47,28260,8451,9885,7154,0,120,2650,0
GVNS,exam_comp_set4,48,32896,18990,3555,6671,0,130,3550,0
GVNS,exam_comp_set5,42,5512,40,150,2782,0,1590,950,0
GVNS,exam_comp_set5,43,5411,440,0,2491,0,1530,950,0
GVNS,exam_comp_set5,44,5379,40,45,2844,0,1550,900,0
GVNS,exam_comp_set5,45,5930,80,0,2940,0,1560,1350,0
GVNS,exam_comp_set5,46,5351,40,0,2811,0,1550,950,0
GVNS,exam_comp_set5,47,5521,40,150,2961,0,1570,800,0
GVNS,exam_comp_set5,48,4865,0,0,2455,0,1560,850,0
GVNS,exam_comp_set6,42,31565,8340,0,19900,875,375,525,1550
GVNS,exam_comp_set6,43,31830,8560,0,19900,800,375,495,1700
GVNS,exam_comp_set6,44,32460,9320,0,19900,750,375,515,1600
GVNS,exam_comp_set6,45,34745,11580,0,19900,800,375,490,1600
GVNS,exam_comp_set6,46,30685,7500,0,19900,925,375,535,1450
GVNS,exam_comp_set6,47,30775,7540,0,19900,800,375,560,1600
GVNS,exam_comp_set6,48,29380,6260,0,19900,875,375,470,1500
GVNS,exam_comp_set7,42,9955,50,0,6855,2370,630,0,50
GVNS,exam_comp_set7,43,9539,25,0,6174,2640,600,100,0
GVNS,exam_comp_set7,44,9393,75,0,6243,2445,530,100,0
GVNS,exam_comp_set7,45,9210,0,0,6580,2100,530,0,0
GVNS,exam_comp_set7,46,8931,25,0,5791,2445,570,100,0
GVNS,exam_comp_set7,47,9457,75,0,6267,2445,570,100,0
GVNS,exam_comp_set7,48,9014,25,0,5954,2445,590,0,0
GVNS,exam_comp_set8,42,13830,0,0,10124,2625,425,446,210
GVNS,exam_comp_set8,43,13788,0,0,9985,2750,425,408,220
GVNS,exam_comp_set8,44,13893,0,0,10322,2500,420,351,300
GVNS,exam_comp_set8,45,14286,0,0,10431,2850,365,435,205
GVNS,exam_comp_set8,46,14451,0,0,11107,2450,370,354,170
GVNS,exam_comp_set8,47,13866,0,0,10137,2725,380,374,250
GVNS,exam_comp_set8,48,13674,0,0,10120,2550,430,394,180
WOA,exam_comp_set1,42,13097,2842,0,6025,1260,280,540,2150
WOA,exam_comp_set1,43,13334,2660,0,6434,1190,260,740,2050
WOA,exam_comp_set1,44,13479,2695,0,6334,1290,300,810,2050
WOA,exam_comp_set1,45,12608,2303,0,6090,1100,295,570,2250
WOA,exam_comp_set1,46,15188,3780,0,6773,1250,255,930,2200
WOA,exam_comp_set1,47,14440,3906,0,6219,1340,265,760,1950
WOA,exam_comp_set1,48,14885,3969,0,6541,1220,295,610,2250
WOA,exam_comp_set2,42,3971,0,95,11,2250,705,900,10
WOA,exam_comp_set2,43,3454,30,65,24,2050,725,550,10
WOA,exam_comp_set2,44,3451,30,110,6,1875,720,700,10
WOA,exam_comp_set2,45,3784,30,85,24,2125,710,800,10
WOA,exam_comp_set2,46,3811,30,75,106,2025,715,850,10
WOA,exam_comp_set2,47,3124,75,70,29,1850,750,350,0
WOA,exam_comp_set2,48,3448,45,120,13,1950,720,600,0
WOA,exam_comp_set3,42,29374,9960,3940,11834,2140,1080,420,0
WOA,exam_comp_set3,43,28741,7965,5230,11496,2480,1030,540,0
WOA,exam_comp_set3,44,31050,8190,7210,11600,2500,1070,480,0
WOA,exam_comp_set3,45,30915,9765,6050,11190,2400,1010,500,0
WOA,exam_comp_set3,46,34492,12915,5350,12437,2320,970,500,0
WOA,exam_comp_set3,47,30116,7185,6860,12521,2060,960,530,0
WOA,exam_comp_set3,48,31134,8160,6580,12204,2600,980,520,90
WOA,exam_comp_set4,42,27515,14931,4425,6049,0,110,2000,0
WOA,exam_comp_set4,43,36259,20574,4175,7160,0,150,4200,0
WOA,exam_comp_set4,44,39883,24615,4545,7418,0,155,3150,0
WOA,exam_comp_set4,45,38364,20727,5785,7272,0,130,4450,0
WOA,exam_comp_set4,46,25425,9711,4810,5924,0,130,4850,0
WOA,exam_comp_set4,47,36877,21555,3860,6517,0,145,4800,0
WOA,exam_comp_set4,48,39323,21555,5005,7638,0,125,5000,0
WOA,exam_comp_set5,42,11207,240,195,3832,0,1590,5350,0
WOA,exam_comp_set5,43,10311,440,45,4056,0,1620,4150,0
WOA,exam_comp_set5,44,10835,600,15,4190,0,1630,4400,0
WOA,exam_comp_set5,45,11079,120,60,4429,0,1620,4850,0
WOA,exam_comp_set5,46,11736,1640,45,4461,0,1640,3950,0
WOA,exam_comp_set5,47,11022,1760,150,3962,0,1600,3550,0
WOA,exam_comp_set5,48,11410,1520,60,4360,0,1670,3800,0
WOA,exam_comp_set6,42,33160,9720,0,19900,1125,375,590,1450
WOA,exam_comp_set6,43,36030,12640,0,19900,1100,375,565,1450
WOA,exam_comp_set6,44,34075,10500,0,19900,1050,375,600,1650
WOA,exam_comp_set6,45,33305,9920,0,19900,1125,375,535,1450
WOA,exam_comp_set6,46,30840,7480,0,19900,1025,375,560,1500
WOA,exam_comp_set6,47,32190,8580,0,19900,1175,375,610,1550
WOA,exam_comp_set6,48,32520,9120,0,19900,1125,375,600,1400
WOA,exam_comp_set7,42,10664,50,0,7289,2175,700,400,50
WOA,exam_comp_set7,43,10402,75,0,6937,2190,650,550,0
WOA,exam_comp_set7,44,10065,75,0,6710,2280,750,250,0
WOA,exam_comp_set7,45,10025,0,0,6710,2265,700,300,50
WOA,exam_comp_set7,46,10746,25,0,7251,2430,640,400,0
WOA,exam_comp_set7,47,10424,50,0,7324,2310,610,100,30
WOA,exam_comp_set7,48,10378,25,0,7028,2385,610,300,30
WOA,exam_comp_set8,42,15014,0,0,10920,3025,405,444,220
WOA,exam_comp_set8,43,14985,0,0,11059,2850,415,411,250
WOA,exam_comp_set8,44,13686,0,0,9968,2575,410,448,285
WOA,exam_comp_set8,45,14328,0,0,10516,2825,390,372,225
WOA,exam_comp_set8,46,14093,0,0,10020,2925,430,448,270
WOA,exam_comp_set8,47,13691,0,0,9859,2725,415,407,285
WOA,exam_comp_set8,48,14528,0,0,10543,2875,420,435,255
